[
  {
    "id": "env_dangerousflorafauna",
    "name": "Dangerous Flora or Fauna",
    "description": "An unusually large proportion of this planet’s animal or plant life is dangerous; some of the flora and fauna may predatory, particularly hostile, or even titanic in size. Use the Monstrosity NPC type to generate encounters with wildlife. Hostile flora can appear on the battlefield as immobile characters with Size 1–2, 5 HP, and Evasion 10; targets that move adjacent to them must succeed on a Hull save or take 3 Kinetic Damage and become Immobilized until the flora is destroyed, as it traps them with sticky sap, webbing, a pit, or the like."
  },
  {
    "id": "env_extremecold",
    "name": "Extreme Cold",
    "description": "Local cultures have adapted to the frozen climate, but mechs and pilots quickly freeze without a nearby source of heat. Mechs that don’t move or Boost on their turn become Immobilized at the end of their turn. This lasts until they break free with a successful Hull save as a quick action. In addition, all mechs gain Resistance to Heat."
  },    
  {
    "id": "env_extremeheat",
    "name": "Extreme Heat",
    "description": "Society has retreated mostly underground to escape this world’s blistering atmosphere. All Heat inflicted (to the user or others) by systems or weapons is increased by +1."
  },
  {
    "id": "env_thinatmosphere",
    "name": "Thin Atmosphere",
    "description": "All characters gain Resistance to Explosive Damage."
  },
  {
    "id": "env_extremesun",
    "name": "Extreme Sun",
    "description": "Characters take 1d6 Heat whenever they are aren’t in shade at the end of a turn."
  },
  {
    "id": "env_corrosiveatmosphere",
    "name": "Corrosive Atmosphere",
    "description": "The dense atmosphere of this world eats through armor. All weapons gain AP."
  },
  {
    "id": "env_particulatestorms",
    "name": "Particulate Storms",
    "description": "This planet is swept by brutal, scouring storms of sand, rock, or metal. During storms, mechs always have soft cover. Pilots that leave their mech take 1 Kinetic Damage (AP) each turn they are outside."
  },
  {
    "id": "env_electricalstorms",
    "name": "Electrical Storms",
    "description": "This planet is swept by unusually strong electrical storms. During storms, choose a character at random at the end of each round: they must succeed on an ENGINEERING save with +1 Difficulty per level of Size or be STUNNED until the end of their next turn by a bolt of lightning."
  },
  {
    "id": "env_disruptivestorms",
    "name": "Disruptive Storms",
    "description": "The storms on this planet are so highly charged that electronic systems can’t function. All tech actions, attacks, and SYSTEMS checks and saves receive +1 Difficulty."
  },
  {
    "id": "env_dangeroustorms",
    "name": "Dangerous Storms",
    "description": "Storms of fire, meteors, acid rain, ice, or other destructive particles sweep this planet. During storms, all characters take 2 Energy Damage (AP) at the end of their turns unless they are adjacent to an object that grants hard cover."
  },
  {
    "id": "env_oceanworld",
    "name": "Ocean World",
    "description": "Less than five percent of this world’s surface rises above the ocean. Mechs sink to the bottom and move as though in difficult terrain unless they are flying or have an EVA Module. Mechs can walk (slowly) on the bottom and are usually able to function in extremely high-pressure environments."
  },
  {
    "id": "env_earthquakes",
    "name": "Earthquakes",
    "description": "This world is regularly rocked by earthquakes. During earthquakes, roll 1d6 at the end of each round: on 1, all mechs must succeed on a HULL save or be knocked Prone unless they are flying."
  },
  {
    "id": "env_moltenworld",
    "name": "Molten World",
    "description": "Parts of this world’s crust juts through the surface in showers and pools of liquid rock. When characters move into areas of molten rock or lava for the first time on their turn or start their turn there, they take 5 Energy Damage (AP) and 3 Heat."
  },
  {
    "id": "env_primordealworld",
    "name": "Primordial World",
    "description": "This world is a bubbling soup of semi-organic mud and gases. Humans must use breathing apparatuses or sealed suits outside of their mechs to survive the toxic atmosphere, and boiling mud creates numerous areas of both difficult and dangerous terrain."
  },
  {
    "id": "env_lowgravity",
    "name": "Low Gravity",
    "description": "Mechs count as flying when they Boost but must land after they move. Characters never take damage from falling."
  },
  {
    "id": "env_highgravity",
    "name": "High Gravity",
    "description": "Mechs cannot Boost and are Immobilized instead whenever they would be Slowed."
  },
  {
    "id": "env_tombworld",
    "name": "Tomb World",
    "description": "This world has extremely high levels of ambient radiation, possibly because of nuclear war, atmospheric degradation, or something more sinister. Outside of mechs, humans without environmental protection temporarily decrease their maximum HP by 1 per hour of exposure. If they reach 0 HP this way, they die. They can regain their maximum HP by performing a Full Repair in a safe environment."
  },
  {
    "id": "env_spireworld",
    "name": "Spire World",
    "description": "Instead of a surface, this world is comprised of countless floating islands or spires, each held aloft in a gaseous substrate and suspended through magnetic force. Perhaps the crust was shattered by a superweapon or natural disaster. Most of the remaining landmass is disconnected, although some islands are large enough to hold cities. Navigation systems are almost useless here."
  },
  {
    "id": "env_sinkingworld",
    "name": "Sinking World",
    "description": "The surface of this world is covered in fine sand or thick mud. Mechs that move 1 space or less during their turn are Slowed. Slowed mechs that move 1 space or less are Immobilized and start sinking, eventually becoming completely engulfed. This effect lasts until an affected mech (or one adjacent to it) succeeds on a Hull save as a full action."
  },
  {
    "id": "env_holyworld",
    "name": "Holy World",
    "description": "This world is beautiful and lacks especially dangerous features, but the local population holds it sacrosanct. Damaging any natural object – rocks, trees, and pristine grasslands, for example – incurs the wrath of the residents."
  }  
]