[
  {
    "id": "missing_weaponmod",
    "name": "ERR: DATA NOT FOUND",
    "sp": 1,
    "allowed_types": [
      "Melee"
    ],
    "source": "GMS",
    "license": "GMS",
    "license_level": 1,
    "effect": "COMP/CON is unable to retrieve the data necessary to furnish this System. This is likely the result of a missing or outdated content pack.",
    "description": "COMP/CON is unable to retrieve the data necessary to furnish this System. This is likely the result of a missing or outdated content pack.",
    "tags": []
  },
  {
    "id": "wm_thermal_charge",
    "name": "THERMAL CHARGE",
    "sp": 2,
    "allowed_types": [
      "Melee"
    ],
    "source": "IPS-N",
    "license": "NELSON",
    "license_level": 2,
    "effect": "On a hit with the weapon this mod is applied to, expend a charge as a free action to activate its detonator and deal +1d6 explosive bonus damage.",
    "description": "One popular modification to the classic war pike involves replacing the long, armor-piercing pike head with a disposable, impact-triggered explosive charge. On penetration, the pike’s head is severed from the shaft – moments later, the embedded pike head detonates in a conical explosion from the point forward. Spare thermal charges are stable, and transported in external tube magazines.<br>IPS-N also makes thermal charges compatible with GMS’s range of blades, hammers, and picks.",
    "tags": [
      {
        "id": "tg_limited",
        "val": 3
      },
      {
        "id": "tg_unique"
      }
    ],
    "added_damage": [
      {
        "type": "Explosive",
        "val": "1d6"
      }
    ]
  },
  {
    "id": "wm_uncle_class_comp_con",
    "name": "UNCLE-CLASS COMP/CON",
    "sp": 3,
    "allowed_types": [
      "Melee",
      "CQB",
      "Rifle",
      "Launcher",
      "Cannon",
      "Nexus"
    ],
    "source": "IPS-N",
    "license": "RALEIGH",
    "license_level": 3,
    "effect": "Your UNCLE-class COMP/CON has control of the weapon this mod is applied to and its associated systems.<br>1/turn, you can attack at +2 difficulty with UNCLE’s weapon as a free action. UNCLE can’t use weapons that have already been used this turn, and any weapon UNCLE attacks with can’t be used again until the start of your next turn.<br>UNCLE isn’t a full NHP, so cannot enter cascade.",
    "description": "IPS-N’s UNCLE comp/con system is the result of the DARKSTAR-2 program, a temporary project that sought to develop more advanced smart weapons. Early prototypes were hampered by a combination of high power-draw, unstable conditioning, and frustrating single-task orientation that eventually saw the project shuttered.<br>While IPS-N is no longer developing new iterations of UNCLE, they still have a stock of QA-approved legacy systems accessible to qualified pilots.<br>Pilots lucky enough to field test models swear by UNCLE’s task efficiency and parallel-track reasoning, though the outdated comp/cons are known for their somewhat unstable personalities.",
    "tags": [
      {
        "id": "tg_unique"
      },
      {
        "id": "tg_ai"
      },
      {
        "id": "tg_no_cascade"
      }
    ],
    "restricted_sizes": [
      "Superheavy"
    ]
  },
  {
    "id": "wm_throughbolt_rounds",
    "name": "THROUGHBOLT ROUNDS",
    "sp": 2,
    "allowed_types": [
      "CQB",
      "Cannon",
      "Rifle"
    ],
    "source": "IPS-N",
    "license": "TORTUGA",
    "license_level": 3,
    "effect": "When you attack with the weapon this mod is applied to, you may fire a throughbolt round instead of attacking normally. Draw a line 3 path from you, passing through terrain or other obstacles – any characters or objects in the path take 2 AP kinetic damage as the projectile punches through them and out the other side. Range, cover, and line of sight for the attack are then measured from the end of this path, continuing in the same direction.",
    "description": "Throughbolt rounds are a proprietary IPS-N anti-armor invention. When fired, the rounds ignite and project a superheated cone of plasma before them, creating an effect like a miniature lance that easily penetrates multiple targets – even through hard surfaces.",
    "tags": [
      {
        "id": "tg_unique"
      }
    ]
  },
  {
    "id": "wm_shock_wreath",
    "name": "SHOCK WREATH",
    "sp": 2,
    "allowed_types": [
      "Melee"
    ],
    "source": "SSC",
    "license": "METALMARK",
    "license_level": 3,
    "effect": "In addition to its usual damage, 1/round you may activate the wreath as a quick action when you hit a character with the weapon this mod is applied to to cause it to take 1d6 burn. If it already is suffering from burn, it can additionally only draw line of sight to adjacent spaces until the end of its next turn.",
    "actions": [
      {
        "name": "Activate Shock Wreath",
        "activation": "Quick",
        "detail": "1/round you may activate your equipped Shock Wreath as a quick action when you hit a character with the weapon it is applied to to cause it to take 1d6 burn. If it already is suffering from burn, it can additionally only draw line of sight to adjacent spaces until the end of its next turn."
      }
    ],
    "description": "A post-fab modification popular among melee combat specialists, Shock Wreathes integrate a bundle of conductive filaments within the blade, point, tip, or surface of a close combat weapon. Paired with a power source – typically in the hilt or lower half of a weapon, but sometimes external – Shock Wreathes give kinetic weapons a thermal edge and a distinctive visual marker: fine lines of white-hot light like filigree, shrouding the modified weapon in shimmering heat.",
    "tags": [
      {
        "id": "tg_unique"
      }
    ]
  },
  {
    "id": "wm_stabilizer_mod",
    "name": "STABILIZER MOD",
    "sp": 2,
    "allowed_types": [
      "Launcher",
      "Cannon"
    ],
    "source": "SSC",
    "license": "MONARCH",
    "license_level": 2,
    "effect": "the weapon this mod is applied to gains +5 range and the Ordnance tag.",
    "description": "Stabilizer mods enhance physical mounts and targeting software, ensuring weapons remain level, steady, and at an appropriate angle regardless of terrain or pilot maneuvers.",
    "added_range": [
      {
        "type": "Range",
        "val": 5
      }
    ],
    "added_tags": [
      {
        "id": "tg_ordnance"
      }
    ]
  },
  {
    "id": "wm_nanocomposite_adaptation",
    "name": "NANOCOMPOSITE ADAPTATION",
    "sp": 2,
    "allowed_types": [
      "Melee",
      "CQB",
      "Rifle",
      "Launcher",
      "Cannon",
      "Nexus"
    ],
    "source": "HORUS",
    "license": "BALOR",
    "license_level": 2,
    "effect": "the weapon this mod is applied to gains Smart and Seeking.",
    "description": "Nanocomposite weapons take aggressive drone swarms and condense them into individual rounds, a coherent beam, or the edge of a blade.<br>Adapted projectile weapons fire shaped CONSUME/HIVE rounds that shatter on impact, releasing their payload of autonomous nanite maniples. Once freed, the maniples begin eating away at surrounding tissue or superstructure. They proceed until burnout or total target consumption, whichever occurs first. In flight, the maniples are able to hive-link and make slight adjustments to the trajectory of their round, ensuring positive impact.<br>Coherent beam weapons transport maniples directly, while conventional melee weapons are replaced by analogs composed entirely of nanobots.",
    "added_tags": [
      {
        "id": "tg_smart"
      },
      {
        "id": "tg_seeking"
      }
    ]
  },
  {
    "id": "wm_phase_ready_mod",
    "name": "PHASE-READY MOD",
    "sp": 2,
    "allowed_types": [
      "Melee",
      "CQB",
      "Rifle",
      "Launcher",
      "Cannon",
      "Nexus"
    ],
    "source": "HA",
    "license": "NAPOLEON",
    "license_level": 2,
    "effect": "As long as you know the rough location of your target, the weapon this mod is applied to can attack through solid walls and obstructions, doesn’t require line of sight, and ignores all cover, but targets attacked this way count as Invisible.",
    "description": "As it was named following its first use during the civil hostilities on Luna de Oro, phase-ready ammunition is the “devil’s bullets”. Each round contains a nanoprocessor suite networked with its weapon of origin that calculates and translates the specific nature of that round’s superpositional relation with a projected future doppelgänger that manifests in the space immediately before its intended target. To put it simply, phase-ready rounds, when fired, exist in two places at once: exiting the barrel of the weapon they were fired from, and directly in front of the target, prior to impact. The prime round may never hit its target, but given it already exists at the moment of impact, the doppelgänger round will reliably reach its mark."
  },
  {
    "id": "wm_paracausal_mod",
    "name": "PARACAUSAL MOD",
    "sp": 4,
    "allowed_types": [
      "Melee",
      "CQB",
      "Rifle",
      "Launcher",
      "Cannon",
      "Nexus"
    ],
    "source": "HA",
    "license": "SALADIN",
    "license_level": 3,
    "effect": "This weapon gains Overkill, and its damage can’t be reduced in any way, including by other effects and systems (such as Resistance, Armor, etc).",
    "description": "Paracausal weapons are a headache for military planners; their precise A–Z function is often obscured, though they consistently produce the same “Z” output per “A” input.<br>The first reports of unregulated paracausal weaponry occurred during the civil engagements on Tian Shen. System-local forces received sealed magazines with directions to be loaded and fired as normal, although inspection of the magazines’ contents was prohibited on grounds that it would “damage the payload”. Helmet and gun cam footage do not betray the anomalous effects of this ordnance, though after-action reports uncovered a seemingly minor, though incredibly odd fact: every single trooper outfitted with this paracausal ammunition scored a 100% positive impact rate.<br>Union has scheduled all unregulated paracausal weapons and ammunition for retrieval, and the bureau is currently investigating Harrison Armory for its role in the development of the technology. Despite this, paracausal ammunition is still in use, as shipments and codes continue to leak to interested parties.",
    "added_tags": [
      {
        "id": "tg_overkill"
      }
    ]
  }
]
