[
  {
    "id": "missing_mechweapon",
    "name": "ERR: DATA NOT FOUND",
    "mount": "Main",
    "type": "Rifle",
    "damage": [],
    "range": [],
    "tags": [],
    "source": "GMS",
    "license": "GMS",
    "license_level": 0,
    "description": "COMP/CON is unable to retrieve the data necessary to furnish this Weapon. This is likely the result of a missing or outdated content pack."
  },
  {
    "id": "mw_anti_materiel_rifle",
    "name": "ANTI-MATERIEL RIFLE",
    "mount": "Heavy",
    "type": "Rifle",
    "damage": [{
      "type": "Kinetic",
      "val": "2d6"
    }],
    "range": [{
      "type": "Range",
      "val": 20
    }],
    "tags": [{
        "id": "tg_accurate"
      },
      {
        "id": "tg_ap"
      },
      {
        "id": "tg_loading"
      },
      {
        "id": "tg_ordnance"
      }
    ],
    "source": "GMS",
    "license": "GMS",
    "license_level": 0,
    "description": "Much like GMS mechs, GMS weapons are reliable galactic standards, made using interchangeable parts and built to withstand almost any conditions. There are three lines currently in production.<br>The Type-III (T-3) line is made up of heavy weapons, ordnance, and other exotic, specialized, or massive weapons. A broad classification, the T-3 range includes conventional-kinetic anti-materiel rifles, super-rapid cycling pulse rifles, missile racks, cannons, and drone nexuses – “hive” style launchers that serve as miniature factory, hangar, and deployment systems for portable drones. The classification also includes the fearsome “segment knife”, a system that uses flash-printing to produce disposable edged weapons in a vicinity around the user."
  },
  {
    "id": "mw_assault_rifle",
    "name": "ASSAULT RIFLE",
    "mount": "Main",
    "type": "Rifle",
    "damage": [{
      "type": "Kinetic",
      "val": "1d6"
    }],
    "range": [{
      "type": "Range",
      "val": 10
    }],
    "tags": [{
      "id": "tg_reliable",
      "val": 2
    }],
    "source": "GMS",
    "license": "GMS",
    "license_level": 0,
    "description": "Much like GMS mechs, GMS weapons are reliable galactic standards, made using interchangeable parts and built to withstand almost any conditions. There are three lines currently in production.<br>The Type-I (T-1) line is defined by powerful, reliable, and conventional-kinetic ranged and melee weapons, including the GMS assault rifle, heavy machine gun, shotgun, pistol, and various light and heavy blades. Reliable galactic standards, the GMS T-1 line is the most widely used mech-scale line of weaponry across the galaxy. Echoing the Everest’s design notes, T-1 weapons are simply designed, with few (if any) moving parts, intended to be used in or adaptable to any environment."
  },
  {
    "id": "mw_charged_blade",
    "name": "CHARGED BLADE",
    "mount": "Main",
    "type": "Melee",
    "damage": [{
      "type": "Energy",
      "val": "1d3+3"
    }],
    "range": [{
      "type": "Threat",
      "val": 1
    }],
    "tags": [{
      "id": "tg_ap"
    }],
    "source": "GMS",
    "license": "GMS",
    "license_level": 0,
    "description": "Much like GMS mechs, GMS weapons are reliable galactic standards, made using interchangeable parts and built to withstand almost any conditions. There are three lines currently in production.<br>The Type-II (T-2) line displays GMS’s proprietary “charged” melee weapons and energy weapons. T-2 charged melee weapons are structurally similar to GMS’s T-1 melee weapons, though built with different materials to tolerate the intense heat generated by their projected plasma sheaths. These sheaths can be toggled on or off, depending on the needs of the pilot. GMS’s T-2 energy weapons, like their T-1 kinetics, are sturdy tools with predictable power scaling, minimal particle scattering, and consistent performance ranges. They feature universal ports allowing them to accept a variety of power sources, from hardline cabling through to “magazine” style power packs."
  },
  {
    "id": "mw_cyclone_pulse_rifle",
    "name": "CYCLONE PULSE RIFLE",
    "mount": "Superheavy",
    "type": "Rifle",
    "damage": [{
      "type": "Kinetic",
      "val": "3d6+3"
    }],
    "range": [{
      "type": "Range",
      "val": 15
    }],
    "tags": [{
        "id": "tg_accurate"
      },
      {
        "id": "tg_loading"
      },
      {
        "id": "tg_reliable",
        "val": 5
      }
    ],
    "source": "GMS",
    "license": "GMS",
    "license_level": 0,
    "description": "Much like GMS mechs, GMS weapons are reliable galactic standards, made using interchangeable parts and built to withstand almost any conditions. There are three lines currently in production.<br>The Type-III (T-3) line is made up of heavy weapons, ordnance, and other exotic, specialized, or massive weapons. A broad classification, the T-3 range includes conventional-kinetic anti-materiel rifles, super-rapid cycling pulse rifles, missile racks, cannons, and drone nexuses – “hive”style launchers that serve as miniature factory, hangar, and deployment systems for portable drones. The classification also includes the fearsome “segment knife”, a system that uses flash-printing to produce disposable edged weapons in a vicinity around the user."
  },
  {
    "id": "mw_heavy_charged_blade",
    "name": "HEAVY CHARGED BLADE",
    "mount": "Heavy",
    "type": "Melee",
    "damage": [{
      "type": "Energy",
      "val": "1d6+3"
    }],
    "range": [{
      "type": "Threat",
      "val": 1
    }],
    "tags": [{
      "id": "tg_ap"
    }],
    "source": "GMS",
    "license": "GMS",
    "license_level": 0,
    "description": "Much like GMS mechs, GMS weapons are reliable galactic standards, made using interchangeable parts and built to withstand almost any conditions. There are three lines currently in production.<br>The Type-II (T-2) line displays GMS’s proprietary “charged” melee weapons and energy weapons. T-2 charged melee weapons are structurally similar to GMS’s T-1 melee weapons, though built with different materials to tolerate the intense heat generated by their projected plasma sheaths. These sheaths can be toggled on or off, depending on the needs of the pilot. GMS’s T-2 energy weapons, like their T-1 kinetics, are sturdy tools with predictable power scaling, minimal particle scattering, and consistent performance ranges. They feature universal ports allowing them to accept a variety of power sources, from hardline cabling through to “magazine” style power packs"
  },
  {
    "id": "mw_heavy_machine_gun",
    "name": "HEAVY MACHINE GUN",
    "mount": "Heavy",
    "type": "Cannon",
    "damage": [{
      "type": "Kinetic",
      "val": "2d6+4"
    }],
    "range": [{
      "type": "Range",
      "val": 8
    }],
    "tags": [{
      "id": "tg_inaccurate"
    }],
    "source": "GMS",
    "license": "GMS",
    "license_level": 0,
    "description": "Much like GMS mechs, GMS weapons are reliable galactic standards, made using interchangeable parts and built to withstand almost any conditions. There are three lines currently in production.<br>The Type-I (T-1) line is defined by powerful, reliable, and conventional-kinetic ranged and melee weapons, including the GMS assault rifle, heavy machine gun, shotgun, pistol, and various light and heavy blades. Reliable galactic standards, the GMS T-1 line is the most widely used mech-scale line of weaponry across the galaxy. Echoing the Everest’s design notes, T-1 weapons are simply designed, with few (if any) moving parts, intended to be used in or adaptable to any environment."
  },
  {
    "id": "mw_heavy_melee_weapon",
    "name": "HEAVY MELEE WEAPON",
    "mount": "Heavy",
    "type": "Melee",
    "damage": [{
      "type": "Kinetic",
      "val": "2d6+1"
    }],
    "range": [{
      "type": "Threat",
      "val": 1
    }],
    "source": "GMS",
    "license": "GMS",
    "license_level": 0,
    "description": "Much like GMS mechs, GMS weapons are reliable galactic standards, made using interchangeable parts and built to withstand almost any conditions. There are three lines currently in production.<br>The Type-I (T-1) line is defined by powerful, reliable, and conventional-kinetic ranged and melee weapons, including the GMS assault rifle, heavy machine gun, shotgun, pistol, and various light and heavy blades. Reliable galactic standards, the GMS T-1 line is the most widely used mech-scale line of weaponry across the galaxy. Echoing the Everest’s design notes, T-1 weapons are simply designed, with few (if any) moving parts, intended to be used in or adaptable to any environment."
  },
  {
    "id": "mw_howitzer",
    "name": "HOWITZER",
    "mount": "Heavy",
    "type": "Cannon",
    "damage": [{
      "type": "Explosive",
      "val": "2d6"
    }],
    "range": [{
        "type": "Range",
        "val": 20
      },
      {
        "type": "Blast",
        "val": 2
      }
    ],
    "tags": [{
        "id": "tg_arcing"
      },
      {
        "id": "tg_inaccurate"
      },
      {
        "id": "tg_loading"
      },
      {
        "id": "tg_ordnance"
      }
    ],
    "source": "GMS",
    "license": "GMS",
    "license_level": 0,
    "description": "Much like GMS mechs, GMS weapons are reliable galactic standards, made using interchangeable parts and built to withstand almost any conditions. There are three lines currently in production.<br>The Type-III (T-3) line is made up of heavy weapons, ordnance, and other exotic, specialized, or massive weapons. A broad classification, the T-3 range includes conventional-kinetic anti-materiel rifles, super-rapid cycling pulse rifles, missile racks, cannons, and drone nexuses – “hive”style launchers that serve as miniature factory, hangar, and deployment systems for portable drones. The classification also includes the fearsome “segment knife”, a system that uses flash-printing to produce disposable edged weapons in a vicinity around the user."
  },
  {
    "id": "mw_missile_rack",
    "name": "MISSILE RACK",
    "mount": "Auxiliary",
    "type": "Launcher",
    "damage": [{
      "type": "Explosive",
      "val": "1d3+1"
    }],
    "range": [{
        "type": "Range",
        "val": 10
      },
      {
        "type": "Blast",
        "val": 1
      }
    ],
    "tags": [{
      "id": "tg_loading"
    }],
    "source": "GMS",
    "license": "GMS",
    "license_level": 0,
    "description": "Much like GMS mechs, GMS weapons are reliable galactic standards, made using interchangeable parts and built to withstand almost any conditions. There are three lines currently in production.<br>The Type-III (T-3) line is made up of heavy weapons, ordnance, and other exotic, specialized, or massive weapons. A broad classification, the T-3 range includes conventional-kinetic anti-materiel rifles, super-rapid cycling pulse rifles, missile racks, cannons, and drone nexuses – “hive”style launchers that serve as miniature factory, hangar, and deployment systems for portable drones. The classification also includes the fearsome “segment knife”, a system that uses flash-printing to produce disposable edged weapons in a vicinity around the user."
  },
  {
    "id": "mw_mortar",
    "name": "MORTAR",
    "mount": "Main",
    "type": "Cannon",
    "damage": [{
      "type": "Explosive",
      "val": "1d6+1"
    }],
    "range": [{
        "type": "Range",
        "val": 15
      },
      {
        "type": "Blast",
        "val": 1
      }
    ],
    "tags": [{
        "id": "tg_arcing"
      },
      {
        "id": "tg_inaccurate"
      }
    ],
    "source": "GMS",
    "license": "GMS",
    "license_level": 0,
    "description": "Much like GMS mechs, GMS weapons are reliable galactic standards, made using interchangeable parts and built to withstand almost any conditions. There are three lines currently in production.<br>The Type-III (T-3) line is made up of heavy weapons, ordnance, and other exotic, specialized, or massive weapons. A broad classification, the T-3 range includes conventional-kinetic anti-materiel rifles, super-rapid cycling pulse rifles, missile racks, cannons, and drone nexuses – “hive”style launchers that serve as miniature factory, hangar, and deployment systems for portable drones. The classification also includes the fearsome “segment knife”, a system that uses flash-printing to produce disposable edged weapons in a vicinity around the user."
  },
  {
    "id": "mw_nexus_hunter_killer",
    "name": "NEXUS (HUNTER-KILLER)",
    "mount": "Main",
    "type": "Nexus",
    "damage": [{
      "type": "Kinetic",
      "val": "1d6"
    }],
    "range": [{
      "type": "Range",
      "val": 10
    }],
    "tags": [{
      "id": "tg_smart"
    }],
    "source": "GMS",
    "license": "GMS",
    "license_level": 0,
    "description": "Much like GMS mechs, GMS weapons are reliable galactic standards, made using interchangeable parts and built to withstand almost any conditions. There are three lines currently in production.<br>The Type-III (T-3) line is made up of heavy weapons, ordnance, and other exotic, specialized, or massive weapons. A broad classification, the T-3 range includes conventional-kinetic anti-materiel rifles, super-rapid cycling pulse rifles, missile racks, cannons, and drone nexuses – “hive”style launchers that serve as miniature factory, hangar, and deployment systems for portable drones. The classification also includes the fearsome “segment knife”, a system that uses flash-printing to produce disposable edged weapons in a vicinity around the user."
  },
  {
    "id": "mw_nexus_light",
    "name": "NEXUS (LIGHT)",
    "mount": "Auxiliary",
    "type": "Nexus",
    "damage": [{
      "type": "Kinetic",
      "val": "1d3"
    }],
    "range": [{
      "type": "Range",
      "val": 10
    }],
    "tags": [{
      "id": "tg_smart"
    }],
    "source": "GMS",
    "license": "GMS",
    "license_level": 0,
    "description": "Much like GMS mechs, GMS weapons are reliable galactic standards, made using interchangeable parts and built to withstand almost any conditions. There are three lines currently in production.<br>The Type-III (T-3) line is made up of heavy weapons, ordnance, and other exotic, specialized, or massive weapons. A broad classification, the T-3 range includes conventional-kinetic anti-materiel rifles, super-rapid cycling pulse rifles, missile racks, cannons, and drone nexuses – “hive”style launchers that serve as miniature factory, hangar, and deployment systems for portable drones. The classification also includes the fearsome “segment knife”, a system that uses flash-printing to produce disposable edged weapons in a vicinity around the user."
  },
  {
    "id": "mw_pistol",
    "name": "PISTOL",
    "mount": "Auxiliary",
    "type": "CQB",
    "damage": [{
      "type": "Kinetic",
      "val": "1d3"
    }],
    "range": [{
        "type": "Range",
        "val": 5
      },
      {
        "type": "Threat",
        "val": 3
      }
    ],
    "tags": [{
      "id": "tg_reliable",
      "val": 1
    }],
    "source": "GMS",
    "license": "GMS",
    "license_level": 0,
    "description": "Much like GMS mechs, GMS weapons are reliable galactic standards, made using interchangeable parts and built to withstand almost any conditions. There are three lines currently in production.<br>The Type-I (T-1) line is defined by powerful, reliable, and conventional-kinetic ranged and melee weapons, including the GMS assault rifle, heavy machine gun, shotgun, pistol, and various light and heavy blades. Reliable galactic standards, the GMS T-1 line is the most widely used mech-scale line of weaponry across the galaxy. Echoing the Everest’s design notes, T-1 weapons are simply designed, with few (if any) moving parts, intended to be used in or adaptable to any environment."
  },
  {
    "id": "mw_segment_knife",
    "name": "SEGMENT KNIFE",
    "mount": "Auxiliary",
    "type": "Melee",
    "damage": [{
      "type": "Energy",
      "val": "1d3+1"
    }],
    "range": [{
      "type": "Threat",
      "val": 1
    }],
    "tags": [{
      "id": "tg_overkill"
    }],
    "source": "GMS",
    "license": "GMS",
    "license_level": 0,
    "description": "Much like GMS mechs, GMS weapons are reliable galactic standards, made using interchangeable parts and built to withstand almost any conditions. There are three lines currently in production.<br>The Type-III (T-3) line is made up of heavy weapons, ordnance, and other exotic, specialized, or massive weapons. A broad classification, the T-3 range includes conventional-kinetic anti-materiel rifles, super-rapid cycling pulse rifles, missile racks, cannons, and drone nexuses – “hive”style launchers that serve as miniature factory, hangar, and deployment systems for portable drones. The classification also includes the fearsome “segment knife”, a system that uses flash-printing to produce disposable edged weapons in a vicinity around the user."
  },
  {
    "id": "mw_rocket_propelled_grenade",
    "name": "ROCKET-PROPELLED GRENADE",
    "mount": "Main",
    "type": "Launcher",
    "damage": [{
      "type": "Explosive",
      "val": "1d6+1"
    }],
    "range": [{
        "type": "Range",
        "val": 10
      },
      {
        "type": "Blast",
        "val": 2
      }
    ],
    "tags": [{
        "id": "tg_loading"
      },
      {
        "id": "tg_ordnance"
      }
    ],
    "source": "GMS",
    "license": "GMS",
    "license_level": 0,
    "description": "Much like GMS mechs, GMS weapons are reliable galactic standards, made using interchangeable parts and built to withstand almost any conditions. There are three lines currently in production.<br>The Type-III (T-3) line is made up of heavy weapons, ordnance, and other exotic, specialized, or massive weapons. A broad classification, the T-3 range includes conventional-kinetic anti-materiel rifles, super-rapid cycling pulse rifles, missile racks, cannons, and drone nexuses – “hive”style launchers that serve as miniature factory, hangar, and deployment systems for portable drones. The classification also includes the fearsome “segment knife”, a system that uses flash-printing to produce disposable edged weapons in a vicinity around the user."
  },
  {
    "id": "mw_shotgun",
    "name": "SHOTGUN",
    "mount": "Main",
    "type": "CQB",
    "damage": [{
      "type": "Kinetic",
      "val": "1d6"
    }],
    "range": [{
        "type": "Range",
        "val": 5
      },
      {
        "type": "Threat",
        "val": 3
      }
    ],
    "source": "GMS",
    "license": "GMS",
    "license_level": 0,
    "description": "Much like GMS mechs, GMS weapons are reliable galactic standards, made using interchangeable parts and built to withstand almost any conditions. There are three lines currently in production.<br>The Type-I (T-1) line is defined by powerful, reliable, and conventional-kinetic ranged and melee weapons, including the GMS assault rifle, heavy machine gun, shotgun, pistol, and various light and heavy blades. Reliable galactic standards, the GMS T-1 line is the most widely used mech-scale line of weaponry across the galaxy. Echoing the Everest’s design notes, T-1 weapons are simply designed, with few (if any) moving parts, intended to be used in or adaptable to any environment."
  },
  {
    "id": "mw_tactical_knife",
    "name": "TACTICAL KNIFE",
    "mount": "Auxiliary",
    "type": "Melee",
    "damage": [{
      "type": "Kinetic",
      "val": "1d3+1"
    }],
    "range": [{
      "type": "Threat",
      "val": 1
    }],
    "tags": [{
      "id": "tg_thrown",
      "val": 3
    }],
    "source": "GMS",
    "license": "GMS",
    "license_level": 0,
    "description": "Much like GMS mechs, GMS weapons are reliable galactic standards, made using interchangeable parts and built to withstand almost any conditions. There are three lines currently in production.<br>The Type-I (T-1) line is defined by powerful, reliable, and conventional-kinetic ranged and melee weapons, including the GMS assault rifle, heavy machine gun, shotgun, pistol, and various light and heavy blades. Reliable galactic standards, the GMS T-1 line is the most widely used mech-scale line of weaponry across the galaxy. Echoing the Everest’s design notes, T-1 weapons are simply designed, with few (if any) moving parts, intended to be used in or adaptable to any environment."
  },
  {
    "id": "mw_tactical_melee_weapon",
    "name": "TACTICAL MELEE WEAPON",
    "mount": "Main",
    "type": "Melee",
    "damage": [{
      "type": "Kinetic",
      "val": "1d6+2"
    }],
    "range": [{
      "type": "Threat",
      "val": 1
    }],
    "source": "GMS",
    "license": "GMS",
    "license_level": 0,
    "description": "Much like GMS mechs, GMS weapons are reliable galactic standards, made using interchangeable parts and built to withstand almost any conditions. There are three lines currently in production.<br>The Type-I (T-1) line is defined by powerful, reliable, and conventional-kinetic ranged and melee weapons, including the GMS assault rifle, heavy machine gun, shotgun, pistol, and various light and heavy blades. Reliable galactic standards, the GMS T-1 line is the most widely used mech-scale line of weaponry across the galaxy. Echoing the Everest’s design notes, T-1 weapons are simply designed, with few (if any) moving parts, intended to be used in or adaptable to any environment."
  },
  {
    "id": "mw_thermal_lance",
    "name": "THERMAL LANCE",
    "mount": "Heavy",
    "type": "Cannon",
    "damage": [{
      "type": "Energy",
      "val": "1d6+3"
    }],
    "range": [{
      "type": "Line",
      "val": 10
    }],
    "tags": [{
      "id": "tg_heat_self",
      "val": 2
    }],
    "source": "GMS",
    "license": "GMS",
    "license_level": 0,
    "description": "Much like GMS mechs, GMS weapons are reliable galactic standards, made using interchangeable parts and built to withstand almost any conditions. There are three lines currently in production.<br>The Type-II (T-2) line displays GMS’s proprietary “charged” melee weapons and energy weapons."
  },
  {
    "id": "mw_thermal_pistol",
    "name": "THERMAL PISTOL",
    "mount": "Auxiliary",
    "type": "CQB",
    "damage": [{
      "type": "Energy",
      "val": 2
    }],
    "range": [{
      "type": "Line",
      "val": 5
    }],
    "source": "GMS",
    "license": "GMS",
    "license_level": 0,
    "description": "Much like GMS mechs, GMS weapons are reliable galactic standards, made using interchangeable parts and built to withstand almost any conditions. There are three lines currently in production.<br>The Type-II (T-2) line displays GMS’s proprietary “charged” melee weapons and energy weapons."
  },
  {
    "id": "mw_thermal_rifle",
    "name": "THERMAL RIFLE",
    "mount": "Main",
    "type": "Rifle",
    "damage": [{
      "type": "Energy",
      "val": "1d3+2"
    }],
    "range": [{
      "type": "Range",
      "val": 5
    }],
    "tags": [{
      "id": "tg_ap"
    }],
    "source": "GMS",
    "license": "GMS",
    "license_level": 0,
    "description": "Much like GMS mechs, GMS weapons are reliable galactic standards, made using interchangeable parts and built to withstand almost any conditions. There are three lines currently in production.<br>The Type-II (T-2) line displays GMS’s proprietary “charged” melee weapons and energy weapons."
  },
  {
    "id": "mw_chain_axe",
    "name": "CHAIN AXE",
    "mount": "Main",
    "type": "Melee",
    "damage": [{
      "type": "Kinetic",
      "val": "1d6"
    }],
    "range": [{
      "type": "Threat",
      "val": 1
    }],
    "tags": [{
      "id": "tg_reliable",
      "val": 2
    }],
    "source": "IPS-N",
    "license": "BLACKBEARD",
    "license_level": 1,
    "on_crit": "Your target becomes Shredded until the end of the current turn.",
    "description": "A simple tactical-scale version of a logging tool, IPS-N’s chain axe is a serrated chainblade run off core power. The axe’s teeth are tungsten-tipped, hardened to chew through both hard and soft targets. Chain axes are effective weapons and utility tools that are often used by boarding parties to breach reinforced bulkheads."
  },
  {
    "id": "mw_bristlecrown_flechette_launcher",
    "name": "BRISTLECROWN FLECHETTE LAUNCHER",
    "mount": "Auxiliary",
    "type": "CQB",
    "damage": [{
      "type": "Kinetic",
      "val": 1
    }],
    "range": [{
      "type": "Burst",
      "val": 1
    }],
    "source": "IPS-N",
    "license": "BLACKBEARD",
    "license_level": 2,
    "effect": "This weapon ignores ranged penalties from Engaged, and deals 3 Kinetic damage to Grappled or Biological targets, instead of 1.",
    "description": "The IPS-N Bristlecrown Flechette Launcher uses a hive-analogous mechanism to project a total soft-target kill zone in a dome around the user, proactively denying hostile infantry-tier actions."
  },
  {
    "id": "mw_nanocarbon_sword",
    "name": "NANOCARBON SWORD",
    "mount": "Heavy",
    "type": "Melee",
    "damage": [{
      "type": "Kinetic",
      "val": "1d6+4"
    }],
    "range": [{
      "type": "Threat",
      "val": 2
    }],
    "tags": [{
      "id": "tg_reliable",
      "val": 3
    }],
    "source": "IPS-N",
    "license": "BLACKBEARD",
    "license_level": 2,
    "description": "IPS-N’s nanocarbon sword is a new spin on an old classic. Embedded nanosensors along the blade capture a full spectrum of data and transfer it to omninet storage banks for after-action review. Meanwhile, onboard software interprets the live feedback and adjusts the molecular composition of the blade edge in real time."
  },
  {
    "id": "mw_assault_cannon",
    "name": "ASSAULT CANNON",
    "mount": "Main",
    "type": "Cannon",
    "source": "IPS-N",
    "license": "DRAKE",
    "license_level": 1,
    "profiles": [{
        "name": "Standard",
        "damage": [{
          "type": "Kinetic",
          "val": "1d6+2"
        }],
        "range": [{
          "type": "Range",
          "val": 8
        }],
        "effect": "You can spin up this weapon’s barrels as a quick action.",
        "actions": [{
          "name": "Spin Up Assault Cannon",
          "activation": "Quick",
          "detail": "Spin up the barrels of the Assault Cannon, Slowing your mech and allowing use of its \"Spin-Up Mode\" profile."
        }],
        "tags": [{
          "id": "tg_overkill"
        },
        {
          "id": "tg_heat_self",
          "val": 1
        }]
      },
      {
        "name": "Spin-Up Mode",
        "damage": [{
          "type": "Kinetic",
          "val": "1d6+2"
        }],
        "range": [{
          "type": "Range",
          "val": 8
        }],
        "effect": "While spinning, this weapon gains Reliable 3, but you become Slowed.<br>You can end this effect as a protocol.",
        "actions": [{
          "name": "Cease Spin-Up",
          "activation": "Protocol",
          "detail": "End the Assault Cannon's \"Spin-Up Mode\", ending the Slowed condition and allowing the Assault Cannon to be used with its \"Standard\" profile."
        }],
        "tags": [{
          "id": "tg_overkill"
        },
        {
          "id": "tg_heat_self",
          "val": 1
        },
        {
          "id": "tg_reliable",
          "val": 3
        }]
      }
    ],
    "description": "IPS-N’s assault cannon of choice is a deep-cooled autocannon, fieldable as a mounted weapon or manipulator-operated platform. The cannon, simple in its functionality, can be fed by either box magazine or belt and is a standard inclusion in almost any among IPS-N fleet orders. In micro and zero-gravity environments, Drake pilots commonly employ the assault cannon as an additional propulsion system."
  },
  {
    "id": "mw_concussion_missiles",
    "name": "CONCUSSION MISSILES",
    "mount": "Main",
    "type": "Launcher",
    "damage": [{
      "type": "Explosive",
      "val": "1d3"
    }],
    "range": [{
      "type": "Range",
      "val": 5
    }],
    "tags": [{
      "id": "tg_knockback",
      "val": 2
    }],
    "source": "IPS-N",
    "license": "DRAKE",
    "license_level": 2,
    "on_hit": "The target must succeed on a Hull save or become Impaired until the end of their next turn.",
    "description": "Concussion missiles are fitted with overpressure-generating charges with low shatter and low incandescence – they’re meant to stun, deter, push back, and disorient, usually in tandem with a larger, more lethal attack."
  },
  {
    "id": "mw_leviathan_heavy_assault_cannon",
    "name": "LEVIATHAN HEAVY ASSAULT CANNON",
    "mount": "Superheavy",
    "type": "Cannon",
    "source": "IPS-N",
    "license": "DRAKE",
    "license_level": 3,
    "profiles": [{
        "name": "Standard",
        "skirmish": true,
        "damage": [{
          "type": "Kinetic",
          "val": "1d6"
        }],
        "range": [{
          "type": "Range",
          "val": 8
        }],
        "effect": "Unlike other Superheavy weapons, the Leviathan can be used with Skirmish. You can spin up this weapon’s barrels as a quick action.",
        "actions": [{
          "name": "Spin Up Leviathan",
          "activation": "Quick",
          "detail": "Spin up the barrels of the Leviathan Heavy Assault Cannon, Slowing your mech and allowing use of its \"Spin-Up Mode\" profile."
        }]
      },
      {
        "name": "Spin-Up Mode",
        "damage": [{
          "type": "Kinetic",
          "val": "4d6+4"
        }],
        "range": [{
          "type": "Range",
          "val": 8
        }],
        "effect": "While spinning, you are Slowed and can no longer use the Leviathan with Skirmish.<br>You can cease this effect as a protocol.",
        "actions": [{
          "name": "Cease Spin-Up",
          "activation": "Protocol",
          "detail": "End the Leviathan Heavy Assault Cannon's \"Spin-Up Mode\", ending the Slowed condition and allowing the Leviathan to be used with its \"Standard\" profile."
        }],
        "tags": [{
          "id": "tg_reliable",
          "val": 5
        }, {
          "id": "tg_heat_self",
          "val": 2
        }]
      }
    ],
    "description": "The Leviathan Heavy Assault Cannon (HAC) is a massive, multi-barrel rotary cannon fed by an external reservoir, usually dorsally mounted on the chassis carrying it. Unmodified, the Leviathan should only be fired within the recommended burst timing specifications to prevent percussive trauma to joints and pilots.<br>In partnership with Harrison Armory’s Think Tank, IPS-N is currently investigating remote solutions for the cannon’s ammunition consumption demands."
  },
  {
    "id": "mw_cutter_mkii_plasma_torch",
    "name": "CUTTER MKII PLASMA TORCH",
    "mount": "Auxiliary",
    "type": "Melee",
    "damage": [{
        "type": "Energy",
        "val": 1
      },
      {
        "type": "Heat",
        "val": 1
      },
      {
        "type": "Burn",
        "val": 1
      }
    ],
    "range": [{
      "type": "Threat",
      "val": 1
    }],
    "tags": [{
      "id": "tg_heat_self",
      "val": 1
    }],
    "source": "IPS-N",
    "license": "LANCASTER",
    "license_level": 3,
    "effect": "This weapon deals 10AP energy to objects, cover, terrain, and the environment.",
    "description": "Plasma cutters were tools first: simple blades built to toggle and sustain a plasma sheath, making it easier to cut metal. Repeated ad hoc use of cutters as personal defense weapons against pirate boarding parties convinced IPS-N of the need for a mil-spec variant of the civilian tool – the Cutter, now in its second generation. The Cutter MkII feeds directly from the mech’s power core, with a port to attach power packs in case of cord severance. Although the cutting edge can be shortened to a knife length, its most popular setting is the “cutlass”, a medium-length option perfect for balancing reach and maneuverability in close quarters."
  },
  {
    "id": "mw_war_pike",
    "name": "WAR PIKE",
    "mount": "Main",
    "type": "Melee",
    "damage": [{
      "type": "Kinetic",
      "val": "1d6"
    }],
    "range": [{
      "type": "Threat",
      "val": 3
    }],
    "tags": [{
        "id": "tg_knockback",
        "val": 1
      },
      {
        "id": "tg_thrown",
        "val": 5
      }
    ],
    "source": "IPS-N",
    "license": "NELSON",
    "license_level": 1,
    "description": "A war pike is a simple weapon – a long haft, topped with a dense, slim point, meant to puncture armor. Early designs were derivative of mining pylons, but the modern war pike is a sturdy, balanced, and reliable weapon that’s perfect for a charge."
  },
  {
    "id": "mw_power_knuckles",
    "name": "POWER KNUCKLES",
    "mount": "Auxiliary",
    "type": "Melee",
    "damage": [{
      "type": "Explosive",
      "val": "1d3+1"
    }],
    "range": [{
      "type": "Threat",
      "val": 1
    }],
    "source": "IPS-N",
    "license": "NELSON",
    "license_level": 3,
    "on_crit": "Your target must succeed on a Hull save or be knocked Prone.",
    "description": "IPS-N’s line of power knuckles are another popular purchase for pilots who prefer to fight up close. Taking the form of anything from shaped studs to hyperdense knuckles, or a series of magnetically accelerated micro-rams, power knuckles amplify the already incredible hitting power of a mech."
  },
  {
    "id": "mw_hand_cannon",
    "name": "HAND CANNON",
    "mount": "Auxiliary",
    "type": "CQB",
    "damage": [{
      "type": "Kinetic",
      "val": "1d6"
    }],
    "range": [{
        "type": "Range",
        "val": 5
      },
      {
        "type": "Threat",
        "val": 3
      }
    ],
    "tags": [{
        "id": "tg_loading"
      },
      {
        "id": "tg_reliable",
        "val": 1
      }
    ],
    "source": "IPS-N",
    "license": "RALEIGH",
    "license_level": 1,
    "description": "The IPS-N hand cannon is a licensed version of GMS’s Type-I Pistol, adapted for a much heavier caliber. This modification requires the belt-fed system of the GMS build to be swapped for a cylinder or magazine-based system, depending on the specific model of hand cannon."
  },
  {
    "id": "mw_bolt_thrower",
    "name": "BOLT THROWER",
    "mount": "Heavy",
    "type": "Cannon",
    "damage": [{
        "type": "Kinetic",
        "val": "2d6"
      },
      {
        "type": "Explosive",
        "val": "1d6"
      }
    ],
    "range": [{
      "type": "Range",
      "val": 8
    }],
    "tags": [{
        "id": "tg_loading"
      },
      {
        "id": "tg_reliable",
        "val": 2
      }
    ],
    "source": "IPS-N",
    "license": "RALEIGH",
    "license_level": 2,
    "description": "As with many of IPS-N’s classic weapons, the bolt thrower is descended from a civilian mining tool. It fires self-propelled explosive bolts, perfect for use in micro- and null-gravity as well as in-atmosphere."
  },
  {
    "id": "mw_kinetic_hammer",
    "name": "KINETIC HAMMER",
    "mount": "Heavy",
    "type": "Melee",
    "damage": [{
      "type": "Kinetic",
      "val": "2d6+2"
    }],
    "range": [{
      "type": "Threat",
      "val": 1
    }],
    "tags": [{
      "id": "tg_reliable",
      "val": 4
    }],
    "source": "IPS-N",
    "license": "RALEIGH",
    "license_level": 3,
    "description": "A kinetic hammer is a simple tool, but a brutal one. Made up of a supermassive head fused to a long haft, the hammer carries enough force to create massively traumatic pressure waves upon landing a successful blow."
  },
  {
    "id": "mw_deck_sweeper_automatic_shotgun",
    "name": "DECK-SWEEPER AUTOMATIC SHOTGUN",
    "mount": "Main",
    "type": "CQB",
    "damage": [{
      "type": "Kinetic",
      "val": "2d6"
    }],
    "range": [{
        "type": "Range",
        "val": 3
      },
      {
        "type": "Threat",
        "val": 3
      }
    ],
    "tags": [{
      "id": "tg_inaccurate"
    }],
    "source": "IPS-N",
    "license": "TORTUGA",
    "license_level": 1,
    "description": "The Deck-Sweeper Automatic Shotgun is a belt-fed scattergun, a favorite of marine pilots aboard stations and capital ships. Its methodology is straightforward: charge, point, and fire. A single-barrel constriction allows for pneumatic absorption – dampening the effect of its incredible recoil – and its belt feeder is compatible with many types of shot-and-slug ammunition."
  },
  {
    "id": "mw_daisy_cutter",
    "name": "DAISY CUTTER",
    "mount": "Heavy",
    "type": "CQB",
    "damage": [{
      "type": "Kinetic",
      "val": "3d6"
    }],
    "range": [{
      "type": "Cone",
      "val": 7
    }],
    "tags": [{
      "id": "tg_limited",
      "val": 2
    }],
    "source": "IPS-N",
    "license": "TORTUGA",
    "license_level": 2,
    "on_attack": "Creates a cloud of smoke and detritus in the attack cone, providing soft cover in the affected area that lasts until the end of your next turn.",
    "description": "The Daisy Cutter is an effective weapon – if outdated – that’s still favored by many marine pilots. Essentially, it’s a massive shotgun; the pilot loads a charge into the gun’s breech, drops a packed sabot down the barrel, aims, and fires a hellfire cloud of flechette darts, bearings, and ignited magnesium strips, guaranteed to clear any deck on which it’s been fired."
  },
  {
    "id": "mw_catalytic_hammer",
    "name": "CATALYTIC HAMMER",
    "mount": "Main",
    "type": "Melee",
    "damage": [{
      "type": "Kinetic",
      "val": "1d3+5"
    }],
    "range": [{
      "type": "Threat",
      "val": 1
    }],
    "tags": [{
      "id": "tg_loading"
    }],
    "source": "IPS-N",
    "license": "TORTUGA",
    "license_level": 2,
    "on_crit": "Your target must succeed on a Hull save or become Stunned until the end of their next turn.",
    "description": "Modified originally from blast-mining equipment, the catalytic hammer (colloquially, the “pilebunker”) has since been refined into a formidable melee weapon. When fired, a charge propels the hammer – a solid cylinder with a spike on one end – through a short barrel, impacting with enormous kinetic force. Standard hammer heads are smooth to allow for easy extraction from targets, but they can be detached and replaced if retrieval is impossible. Any installation of a catalytic hammer necessitates superstructure reinforcement to allow for sufficient energy dispersal."
  },
  {
    "id": "mw_impact_lance",
    "name": "IMPACT LANCE",
    "mount": "Main",
    "type": "Melee",
    "damage": [{
      "type": "Energy",
      "val": "1d6"
    }],
    "range": [{
      "type": "Threat",
      "val": 3
    }],
    "source": "IPS-N",
    "license": "VLAD",
    "license_level": 1,
    "on_attack": "You also attack all characters in a Line between you and your target. You take 1 heat for each target past the first.",
    "description": "The impact lance is a mil-spec variant of a common mining tool: the single-use chemical survey laser. IPS-N’s military variant mounts a series of impact lances on a mech’s brachial or thoracic carriages, leaving its manipulators free to field other weapons and systems. It can be wired directly into a chassis’ core, or charged with disposable chemical batteries.<br>The lance array fires for a microsecond, burning through its stored charge to produce an intense burst of light that stabs out in a tight, pulsed beam capable of searing through meters of hardened bulkhead."
  },
  {
    "id": "mw_impaler_nailgun",
    "name": "IMPALER NAILGUN",
    "mount": "Main",
    "type": "CQB",
    "damage": [{
      "type": "Kinetic",
      "val": "1d6+1"
    }],
    "range": [{
        "type": "Range",
        "val": 5
      },
      {
        "type": "Threat",
        "val": 3
      }
    ],
    "tags": [{
      "id": "tg_heat_self",
      "val": 1
    }],
    "source": "IPS-N",
    "license": "VLAD",
    "license_level": 2,
    "on_hit": "Targets must succeed on a Hull save or become Immobilized until the end of their next turn.",
    "description": "The Impaler’s noncombustible, sabot-jacketed two-stage macroflechettes can pierce even the heaviest armor. Once catapulted from its launcher, the sabot disengages on approach to its target and triggers a second stage – internal propulsion drives the macroflechette forward with incredible velocity. Over-penetration is certain against soft targets; IPS-N advises firing this weapon only when the area behind the target is clear of allies or noncombatants."
  },
  {
    "id": "mw_combat_drill",
    "name": "COMBAT DRILL",
    "mount": "Superheavy",
    "type": "Melee",
    "damage": [{
        "type": "Kinetic",
        "val": "3d6"
      },
      {
        "type": "Energy",
        "val": "1d6"
      }
    ],
    "range": [{
      "type": "Threat",
      "val": 1
    }],
    "tags": [{
        "id": "tg_ap"
      },
      {
        "id": "tg_overkill"
      }
    ],
    "source": "IPS-N",
    "license": "VLAD",
    "license_level": 3,
    "effect": "When attacking a character that is Prone, Immobilized, or Stunned, this weapon’s Overkill tag does an extra +1d6 bonus damage each time it activates. This can activate indefinitely if the new bonus die result is a 1, triggering Overkill again.",
    "description": "The combat drill is a brutal close-combat weapon, powered by a massive external catalyst pack. The bit is tipped with microplasmatic projectors designed to pre-treat the target and ensure drill penetration."
  },
  {
    "id": "mw_magnetic_cannon",
    "name": "MAGNETIC CANNON",
    "mount": "Main",
    "type": "Cannon",
    "damage": [{
      "type": "Energy",
      "val": "1d3+1"
    }],
    "range": [{
      "type": "Line",
      "val": 8
    }],
    "source": "SSC",
    "license": "BLACK WITCH",
    "license_level": 1,
    "on_hit": "All characters within the affected area must succeed on a Hull save or be pulled 1d3+1 spaces toward you, or as close as possible.",
    "description": "SSC’s magnetic cannon is a first from the Exotic Materials Group: an aperture-focused electromagnetic projection beam that uses intense pulses of magnetic energy to disrupt and damage hardware. Targets caught in the beam of a magnetic cannon suffer additional damage to their software as massive systemic stress is inflicted on sensitive components."
  },
  {
    "id": "mw_vulture_dmr",
    "name": "VULTURE DMR",
    "mount": "Main",
    "type": "Rifle",
    "damage": [{
      "type": "Kinetic",
      "val": "1d6+1"
    }],
    "range": [{
      "type": "Range",
      "val": 15
    }],
    "tags": [{
        "id": "tg_accurate"
      },
      {
        "id": "tg_overkill"
      },
      {
        "id": "tg_heat_self",
        "val": 1
      }
    ],
    "source": "SSC",
    "license": "DEATH’S HEAD",
    "license_level": 2,
    "description": "The Vulture Designated Marksman Rifle (DMR) is SSC’s core battle rifle. Reliable, available in dozens of configurations and calibers, and fed by box, drum, or belt, the Vulture is a popular armament across a wide range of mechs."
  },
  {
    "id": "mw_railgun",
    "name": "RAILGUN",
    "mount": "Heavy",
    "type": "Rifle",
    "damage": [{
      "type": "Kinetic",
      "val": "1d6+4"
    }],
    "range": [{
      "type": "Line",
      "val": 20
    }],
    "tags": [{
        "id": "tg_ap"
      },
      {
        "id": "tg_ordnance"
      },
      {
        "id": "tg_heat_self",
        "val": 2
      }
    ],
    "source": "SSC",
    "license": "DEATH’S HEAD",
    "license_level": 3,
    "description": "Railguns are simple, elegant weapons. With magnetically accelerated projectiles and no moving parts, they are effective in any theater and entirely self-contained within disposable units. This efficacy comes at a cost: railguns have massive power draw, making it necessary for wielders to carry core-charged auxiliary power translation packs."
  },
  {
    "id": "mw_veil_rifle",
    "name": "VEIL RIFLE",
    "mount": "Main",
    "type": "Rifle",
    "damage": [{
      "type": "Energy",
      "val": "1d3+1"
    }],
    "range": [{
      "type": "Line",
      "val": 10
    }],
    "tags": [{
      "id": "tg_accurate"
    }],
    "source": "SSC",
    "license": "DUSK WING",
    "license_level": 1,
    "effect": "This weapon does not attack allied characters caught in its area of effect; instead, it shrouds them in a field of coruscating energy that throws off targeting systems, giving them soft cover until the end of their next turn.",
    "description": "“We made first contact maybe an hour after breaching the vault. I remember nothing of it. I’m told most of my squad was killed outright; all I remember is light – brilliant – and a lightness in my own being.<br>“I do believe that I died in that moment, and yet I’m here, and I can’t square these two realities. Something has gone wrong, something has gone wrong, something has gone–”"
  },
  {
    "id": "mw_burst_launcher",
    "name": "BURST LAUNCHER",
    "mount": "Main",
    "type": "Launcher",
    "damage": [{
        "type": "Explosive",
        "val": "1d3"
      },
      {
        "type": "Heat",
        "val": 1
      }
    ],
    "range": [{
      "type": "Range",
      "val": 15
    }],
    "tags": [{
        "id": "tg_accurate"
      },
      {
        "id": "tg_arcing"
      }
    ],
    "source": "SSC",
    "license": "DUSK WING",
    "license_level": 2,
    "on_crit": "Target becomes Impaired until the end of their next turn.",
    "description": "“Yes, they could die. We killed many of them – blew them away with burst launchers and cannons. I don’t think they mattered to it. Not like insects; not like that… there’s still a use for insects: as food, as necessary components in an ecosystem. Their deaths slowed us, but it didn’t command them to slow us. Even when we breached the last chamber and saw it, I don’t even think it recognized we were there.”"
  },
  {
    "id": "mw_rail_rifle",
    "name": "RAIL RIFLE",
    "mount": "Main",
    "type": "Rifle",
    "damage": [{
      "type": "Kinetic",
      "val": "1d6+1"
    }],
    "range": [{
      "type": "Line",
      "val": 10
    }],
    "tags": [{
      "id": "tg_heat_self",
      "val": 1
    }],
    "source": "SSC",
    "license": "METALMARK",
    "license_level": 2,
    "description": "Rail rifles are popular weapons for use in all theaters, but they are the only choice for pilots operating in atmospheres made up of highly combustible gases. They use a line of cascading electromagnets to accelerate small projectiles at tremendous speeds, firing without the need for combustion.<br>Like other rail weapons, rail rifles are quiet in comparison to their traditional counterparts, although massive power requirements make it difficult to mask their energy signatures."
  },
  {
    "id": "mw_shock_knife",
    "name": "SHOCK KNIFE",
    "mount": "Auxiliary",
    "type": "Melee",
    "damage": [{
        "type": "Energy",
        "val": 1
      },
      {
        "type": "Burn",
        "val": 2
      }
    ],
    "range": [{
      "type": "Threat",
      "val": 1
    }],
    "tags": [{
        "id": "tg_thrown",
        "val": 5
      },
      {
        "id": "tg_heat_self",
        "val": 1
      }
    ],
    "source": "SSC",
    "license": "METALMARK",
    "license_level": 2,
    "description": "Shock knives are short, powered blades designed for integration with Shock Wreaths, a popular post-fab modification. The knives are custom-sculpted by SSC’s Terashima artisan enclave, each one bearing the unique hash-stamp of its designer. Part of SSC’s LUX-Iconic line – a civilian-accessible track of the BELLA CIAO line – each shock knife print code allows only a single use. If lost, pilots must submit an apology and request in writing explaining the circumstances of the loss in order to receive another code."
  },
  {
    "id": "mw_sharanga_missiles",
    "name": "SHARANGA MISSILES",
    "mount": "Main",
    "type": "Launcher",
    "damage": [{
      "type": "Explosive",
      "val": 3
    }],
    "range": [{
      "type": "Range",
      "val": 15
    }],
    "tags": [{
      "id": "tg_arcing"
    }],
    "source": "SSC",
    "license": "MONARCH",
    "license_level": 1,
    "effect": "This weapon can attack two targets at a time.",
    "description": "“It was a duel. This is why they were made: to duel, and in that combat, to shake the pillars of the universe.” — “Notes for Young John”,  Ministrations of the Master Teacher"
  },
  {
    "id": "mw_gandiva_missiles",
    "name": "GANDIVA MISSILES",
    "mount": "Heavy",
    "type": "Launcher",
    "damage": [{
      "type": "Energy",
      "val": "1d6+3"
    }],
    "range": [{
      "type": "Range",
      "val": 15
    }],
    "tags": [{
        "id": "tg_accurate"
      },
      {
        "id": "tg_seeking"
      },
      {
        "id": "tg_smart"
      }
    ],
    "source": "SSC",
    "license": "MONARCH",
    "license_level": 2,
    "description": "Gandiva missiles are a reliable mainstay from Smith-Shimano’s BELLA CIAO line. Like the heavier Pinaka, the Gandiva is equipped with jet-assisted midflight repositioning systems, enhancing target navigation in rapidly changing battlefield environments. The Gandiva’s delivery platform is administered by a hivemind comp/con drone AI, giving it the capacity to learn from each right-of-launch experience.",
    "sp": 1
  },
  {
    "id": "mw_pinaka_missiles",
    "name": "PINAKA MISSILES",
    "mount": "Superheavy",
    "type": "Launcher",
    "damage": [{
      "type": "Explosive",
      "val": "2d6"
    }],
    "range": [{
        "type": "Range",
        "val": 20
      },
      {
        "type": "Blast",
        "val": 1
      }
    ],
    "tags": [{
        "id": "tg_arcing"
      },
      {
        "id": "tg_heat_self",
        "val": 2
      }
    ],
    "source": "SSC",
    "license": "MONARCH",
    "license_level": 3,
    "effect": "Attacks with this weapon create up to two blast 1 areas, which cannot overlap.<br>You may also delay the impact of attacks made with this weapon. Choose the target area(s), which become visible to all characters: the  missiles land at the end of the next round, after all characters have acted, and deal 3d6 explosive damage instead of 2d6, but you become Slowed until the end of your next turn.",
    "description": "Pinaka missiles are massive, two-stage missiles typically mounted along a mech’s spine or carried, disassembled, to be launched from a brachial mount. The Pinaka was originally adapted from ship-to-ship missiles; as such, their second stage uses jet-assist repositioning for midflight orientation."
  },
  {
    "id": "mw_fold_knife",
    "name": "FOLD KNIFE",
    "mount": "Auxiliary",
    "type": "Melee",
    "damage": [{
      "type": "Kinetic",
      "val": "1d3"
    }],
    "range": [{
      "type": "Threat",
      "val": 1
    }],
    "tags": [{
      "id": "tg_accurate"
    }],
    "source": "SSC",
    "license": "MOURNING CLOAK",
    "license_level": 1,
    "on_crit": "You may teleport 2 spaces in any direction after the attack resolves.",
    "description": ">//[Am I alone here?]<br>>//[[No. There is only an absence of you. It is very busy here, but you cannot see it]]<br>— DHIYED fragment tablet 1.3"
  },
  {
    "id": "mw_vijaya_rockets",
    "name": "VIJAYA ROCKETS",
    "mount": "Auxiliary",
    "type": "Launcher",
    "damage": [{
      "type": "Explosive",
      "val": "1d3"
    }],
    "range": [{
      "type": "Range",
      "val": 5
    }],
    "tags": [{
      "id": "tg_accurate"
    }],
    "source": "SSC",
    "license": "MOURNING CLOAK",
    "license_level": 1,
    "description": "Intended for use as force multipliers in close-range engagements, Vijaya rockets are miniaturized rockets launched from a drum-fed launcher. On detonation, the rockets’ shaped charges project the blast forward, away from the user."
  },
  {
    "id": "mw_variable_sword",
    "name": "VARIABLE SWORD",
    "mount": "Main",
    "type": "Melee",
    "damage": [{
      "type": "Kinetic",
      "val": 3
    }],
    "range": [{
      "type": "Threat",
      "val": 2
    }],
    "tags": [{
      "id": "tg_accurate"
    }],
    "source": "SSC",
    "license": "MOURNING CLOAK",
    "license_level": 3,
    "on_crit": "Deal +1d6 bonus damage.",
    "description": "The variable sword is a Smith-Shimano hallmark: a length of razor-sharp molecular wire attached to a handle and locked in place by a magnetic field, variable swords are invisible to the naked eye until they cut into their target. Designed in the early days of interstellar travel, variable swords were meant to allow for the precise gathering of samples, while also reducing the overall burden on a mech’s core."
  },
  {
    "id": "mw_oracle_lmg_i",
    "name": "ORACLE LMG-I",
    "mount": "Auxiliary",
    "type": "Rifle",
    "damage": [{
      "type": "Kinetic",
      "val": "1d3"
    }],
    "range": [{
      "type": "Range",
      "val": 15
    }],
    "tags": [{
        "id": "tg_accurate"
      },
      {
        "id": "tg_arcing"
      }
    ],
    "source": "SSC",
    "license": "SWALLOWTAIL",
    "license_level": 2,
    "description": "The Oracle Indirect Light Machine Gun (designated O/LMG-I) packs a subsentient, high-volume DOWNPOUR static quad-barrel system into a single cylinder typically installed on the dorsal panel of a chassis. Paired with a firing system, the Oracle is capable of directing persistent defilade-ignorant kinetic fire at targets.",
    "sp": 1
  },
  {
    "id": "mw_nanobot_whip",
    "name": "NANOBOT WHIP",
    "mount": "Heavy",
    "type": "Melee",
    "damage": [{
      "type": "Kinetic",
      "val": "2d6"
    }],
    "range": [{
      "type": "Threat",
      "val": 3
    }],
    "tags": [{
      "id": "tg_smart"
    }],
    "source": "HORUS",
    "license": "BALOR",
    "license_level": 3,
    "on_crit": "Pull your target to a free space adjacent to you, or as close as possible.",
    "description": "Using swarm-coding and legion directives, HORUS collectivists created a framework to organize a swarm of nanites into a whip-like weapon. Nanobot whips can retract into their base blister for stowing, detach in melee combat to restrain nearby enemies, and return to their base unit when summoned.",
    "sp": 2
  },
  {
    "id": "mw_swarm_hive_nanites",
    "name": "SWARM/HIVE NANITES",
    "mount": "Main",
    "type": "Nexus",
    "damage": [{
        "type": "Kinetic",
        "val": 2
      },
      {
        "type": "Burn",
        "val": 2
      }
    ],
    "range": [{
      "type": "Range",
      "val": 5
    }],
    "tags": [{
        "id": "tg_smart"
      },
      {
        "id": "tg_seeking"
      }
    ],
    "source": "HORUS",
    "license": "BALOR",
    "license_level": 3,
    "description": "SWARM/HIVE nanites are among the more insidious weapons produced by HORUS: dispatched in maniples – single “swarm” units carrying enough nanites to fill a square meter – SWARM/HIVE nanites combine the systemic invasion properties of BOOST/HIVE code with the aggressive consumption of a CONSUME/HIVE maniple. Launched from mounted blisters, SWARM/HIVE nanite maniples fall upon their targets as great clouds of teeth, infiltrating sensitive compartments and modules before consuming any organic and inorganic material they touch."
  },
  {
    "id": "mw_autopod",
    "name": "AUTOPOD",
    "mount": "Main",
    "type": "Launcher",
    "no_attack": true,
    "damage": [{
      "type": "Kinetic",
      "val": 3
    }],
    "range": [{
      "type": "Range",
      "val": 15
    }],
    "tags": [{
        "id": "tg_seeking"
      },
      {
        "id": "tg_unique"
      }
    ],
    "source": "HORUS",
    "license": "GOBLIN",
    "license_level": 1,
    "effect": "Instead of using any kind of trigger mechanism, this weapon automatically scans for target locks, firing spinning, razor-sharp disks upon successful IDs. Gain the Autonomous Assault reaction, which is the only way you can attack with the Autopod",
    "actions": [{
      "name": "Autonomous Assault",
      "activation": "Reaction",
      "frequency": "1/round",
      "trigger": "Another character attacks a target within range 15 of you and consumes Lock On",
      "detail": "You may automatically hit their target with the Autopod."
    }],
    "description": "The autopod is a small antipersonnel weapon apparently devised by HORUS communocyphers to continue offensive action in the event of its operator’s death. Each unit is, in theory, governed by a spur of INSTINCT’s protomind. No new models have been encountered since DHIYED, and all extant versions of the Autopod are to be considered extremely dangerous as the INSTINCT code powering their onboard protominds is likely to have corrupted further since their creation.",
    "sp": 1
  },
  {
    "id": "mw_vorpal_gun",
    "name": "VORPAL GUN",
    "mount": "Main",
    "type": "Cannon",
    "no_attack": true,
    "damage": [{
      "type": "Kinetic",
      "val": "2d6"
    }],
    "range": [{
      "type": "Range",
      "val": 5
    }],
    "source": "HORUS",
    "license": "GORGON",
    "license_level": 3,
    "effect": "Gain the Snicker-Snack reaction, which is the only way you can attack with this weapon.",
    "actions": [{
      "name": "Snicker-Snack",
      "activation": "Reaction",
      "frequency": "1/round",
      "trigger": "A hostile character within Range of the Vorpal Gun and line of sight deals damage to an allied character.",
      "detail": "You may make an attack against the hostile character with the Vorpal Gun."
    }],
    "description": "DO NOT STARE DIRECTLY INTO THE APERTURE."
  },
  {
    "id": "mw_ghoul_nexus",
    "name": "GHOUL NEXUS",
    "mount": "Main",
    "type": "Nexus",
    "damage": [{
      "type": "Variable",
      "val": "1d3+2"
    }],
    "range": [{
      "type": "Range",
      "val": 10
    }],
    "tags": [{
        "id": "tg_smart"
      },
      {
        "id": "tg_set_damage_type"
      }
    ],
    "source": "HORUS",
    "license": "HYDRA",
    "license_level": 1,
    "on_attack": "Choose this weapon’s damage type.",
    "description": "Ghoul nexuses command some of the largest viable drones in modern combat. These drones are slightly smaller than an average human—metal cylinders bristling with hardpoints suitable for most infantry-level anti-mech weapons. Propelled by VTOL/hover-capable jet systems, Ghoul drones are fearsome, all-theater autonomous units that are difficult to track and take down."
  },
  {
    "id": "mw_ghast_nexus",
    "name": "GHAST NEXUS",
    "mount": "Heavy",
    "type": "Nexus",
    "damage": [{
      "type": "Explosive",
      "val": "1d6+3"
    }],
    "range": [{
      "type": "Range",
      "val": 10
    }],
    "tags": [
      {
        "id": "tg_smart"
      }
    ],
    "source": "HORUS",
    "license": "HYDRA",
    "license_level": 2,
    "effect": "This weapon may be used to attack as normal, or deployed as a Drone",
    "deployables": [{
      "name": "Ghast Drone",
      "type": "Drone",
      "activation": "Free",
      "recall": "Quick",
      "redeploy": "Quick",
      "size": 0.5,
      "hp": 5,
      "armor": 2,
      "edef": 10,
      "evasion": 10,
      "detail": "This Ghast nexus can be deployed to a free space within Sensors and line of sight as a free action, where it becomes a stationary, hovering Drone. Once deployed, you may still use it for Skirmish and Barrage attacks as though it is still a weapon, but with line of sight and Range traced from its location.<br>You may recall or redeploy the Ghast nexus as a quick action. Until recalled or destroyed, it remains deployed until the end of the scene. If destroyed, it follows the rules for destroyed Drones and can’t be used until repaired."
    }],
    "description": "The Ghast is an up-armored, up-armed version of the smaller Ghoul drone; Ghast drones boast an upgraded flight system capable of wielding mech-tier weapons within optimum parameters, and can operate independently from their host chassis or as an integrated weapon. In Hydras, Ghast drones generally act as thoracic segments, providing armor to core systems: powerplant, cockpit, NHP caskets, etc."
  },
  {
    "id": "mw_annihilation_nexus",
    "name": "ANNIHILATION NEXUS",
    "mount": "Superheavy",
    "type": "Nexus",
    "damage": [{
      "type": "Energy",
      "val": "1d6+3"
    }],
    "range": [{
      "type": "Burst",
      "val": 2
    }],
    "tags": [{
        "id": "tg_ap"
      },
      {
        "id": "tg_smart"
      }
    ],
    "source": "HORUS",
    "license": "HYDRA",
    "license_level": 3,
    "on_attack": "You can make a second attack with this weapon at the start of your next turn as a protocol. This secondary attack can’t deal bonus damage, and doesn't trigger additional secondary attacks.<br>You may center this weapon’s attack on either yourself or any of your Drones within Sensors.",
    "actions": [
      {
        "name": "Annihilation Nexus Secondary Attack",
        "activation": "Protocol",
        "detail": "If you made an attack with the Annihilation Nexus on your last turn, you can make a second attack with this weapon. This secondary attack can’t deal bonus damage, and doesn't trigger additional secondary attacks.<br>You may center this weapon’s attack on either yourself or any of your Drones within Sensors."
      }
    ],
    "description": "“A storm of bladed death” – nanites organized into maniples, released from a chassis’ onboard nexuses or single-use firing tubes in a burst of filament rings so sharp they slice away at their targets on the molecular level. The visual effect of a maniple being launched is often compared to tinsel being fired through atmosphere."
  },
  {
    "id": "mw_catalyst_pistol",
    "name": "CATALYST PISTOL",
    "mount": "Auxiliary",
    "type": "CQB",
    "damage": [{
      "type": "Energy",
      "val": "1d3"
    }],
    "range": [{
        "type": "Cone",
        "val": 3
      },
      {
        "type": "Threat",
        "val": 3
      }
    ],
    "tags": [{
      "id": "tg_heat_self",
      "val": 2
    }],
    "source": "HORUS",
    "license": "MANTICORE",
    "license_level": 1,
    "description": "“Burn, thou fiend, before the fire of the Eye of RA!”"
  },
  {
    "id": "mw_arc_projector",
    "name": "ARC PROJECTOR",
    "mount": "Heavy",
    "type": "CQB",
    "damage": [{
      "type": "Energy",
      "val": "1d6+1"
    }],
    "range": [{
      "type": "Range",
      "val": 5
    }],
    "tags": [{
      "id": "tg_heat_self",
      "val": 1
    }],
    "source": "HORUS",
    "license": "MANTICORE",
    "license_level": 2,
    "on_hit": "You may also make a secondary attack against a different character within range 3 of the first target. You can continue making secondary attacks on hits, as long as there are new, valid targets within range; however, each attack generates 1 heat, and secondary attacks can’t deal bonus damage. Characters can’t be hit more than once with the same firing of this weapon.",
    "description": "“Fire be upon thee, APEP! Thy flesh is seared from thy bones; The Lord of the Duat will never enable thy shade to rise again!”"
  },
  {
    "id": "mw_smartgun",
    "name": "SMARTGUN",
    "mount": "Main",
    "type": "Rifle",
    "damage": [{
      "type": "Kinetic",
      "val": 4
    }],
    "range": [{
      "type": "Range",
      "val": 15
    }],
    "tags": [{
        "id": "tg_accurate"
      },
      {
        "id": "tg_seeking"
      },
      {
        "id": "tg_smart"
      }
    ],
    "source": "HORUS",
    "license": "PEGASUS",
    "license_level": 1,
    "description": "“Smart weapon” is a broad term that describes any and all weapons capable of interacting with onboard systems in order to boost their combat efficacy. Smartguns are weapons that come pre-loaded with companion software and the necessary hardware in order to interact with targeting systems and host NHPs. A popular addition to many HORUS mechs, smart weapons make for reliable kinetic delivery systems.",
    "sp": 2
  },
  {
    "id": "mw_mimic_gun",
    "name": "MIMIC GUN",
    "mount": "Heavy",
    "type": "???",
    "no_mods": true,
    "no_core_bonus": true,
    "damage": [{
      "override": true,
      "type": "Kinetic",
      "val": "???"
    }],
    "range": [{
      "override": true,
      "type": "Range",
      "val": "???"
    }],
    "source": "HORUS",
    "license": "PEGASUS",
    "license_level": 2,
    "effect": "This horrifying weapon has no basic form; it constantly contorts itself into different shapes, mimicking the weapons of other combatants. It counts as all ranged weapon types simultaneously (e.g., CQB, Rifle, etc.), but it can’t take Mods or benefit from core bonuses, although it still benefits from talents as normal.<br>At the start of combat, roll 3d20 and note the results in order: X, Y, and Z. X is its starting base Range (before modifications from talents). At the start of each of your turns after the first, the mimic gun cycles to the next result, taking that as its base Range. After Z, it cycles back to X.<br>The mimic gun does kinetic equal to 1 + half of its current base Range.<br>You may provoke the mimic gun as a full action, rolling a new set of 3d20.",
    "actions": [
      {
        "name": "Provoke Mimic Gun",
        "activation": "Full",
        "detail": "Roll a new set of 3d20 to set the Mimic Gun's values."
      }
    ],
    "description": "This is not a gun."
  },
  {
    "id": "mw_autogun",
    "name": "AUTOGUN",
    "mount": "Main",
    "type": "Cannon",
    "no_attack": true,
    "no_synergies": true,
    "damage": [{
      "type": "Kinetic",
      "val": 3
    }],
    "range": [{
      "type": "Range",
      "val": 15
    }],
    "source": "HORUS",
    "license": "PEGASUS",
    "license_level": 3,
    "actions": [
      {
        "name": "Fire Autogun",
        "activation": "Free",
        "detail": "This weapon can’t make normal attacks. Instead, you can attack with it as a free action at the end of your turn. It doesn’t benefit from or trigger your talents."
      }
    ],
    "effect": "This weapon can’t make normal attacks. Instead, you can attack with it as a free action at the end of your turn. It doesn’t benefit from or trigger your talents.",
    "description": "As the name implies, autoguns are automated weapons. Similar to point-defense systems, autoguns are chambered to provide effective fire against armored targets. Typically mounted on a stabilized, secondary arm, a reliably tuned autogun can be trusted to track and eliminate designated enemy units while a pilot concentrates on more specialized weapons or processes. Cheap, with malleable codebases, autoguns are common among active, armed HORUS cells.",
    "sp": 1
  },
  {
    "id": "mw_siege_cannon",
    "name": "SIEGE CANNON",
    "mount": "Superheavy",
    "type": "Cannon",
    "source": "HA",
    "license": "BARBAROSSA",
    "license_level": 3,
    "profiles": [{
        "name": "Siege Mode",
        "range": [{
          "type": "Range",
          "val": 30
        }, {
          "type": "Blast",
          "val": 2
        }],
        "damage": [{
          "type": "Explosive",
          "val": "3d6"
        }],
    "on_attack": "Choose to fire in either siege mode or direct fire mode.",
    "tags": [{
            "id": "tg_arcing"
          },
          {
            "id": "tg_ordnance"
          },
          {
            "id": "tg_loading"
          },
          {
            "id": "tg_heat_self",
            "val": 4
          }
        ]
      },
      {
        "name": "Direct Fire Mode",
        "range": [{
          "type": "Range",
          "val": 20
        }],
        "damage": [{
          "type": "Explosive",
          "val": "3d6"
        }],
    "on_attack": "Choose to fire in either siege mode or direct fire mode.",
    "tags": [{
            "id": "tg_knockback",
            "val": 2
          },
          {
            "id": "tg_heat_self",
            "val": 2
          }
        ]
      }
    ],
    "description": "The siege cannon is the Armory’s quintessential artillery piece: a howitzer cannon fed by an automated loading system. Typically mounted on long-range mechs deployed in artillery or squad-support roles, siege cannons are capable of both indirect and direct fire as the situation demands with variable ammunition options."
  },
  {
    "id": "mw_krakatoa_thermobaric_flamethrower",
    "name": "KRAKATOA THERMOBARIC FLAMETHROWER",
    "mount": "Heavy",
    "type": "CQB",
    "damage": [{
        "type": "Energy",
        "val": 1
      },
      {
        "type": "Burn",
        "val": 4
      }
    ],
    "range": [{
      "type": "Cone",
      "val": 5
    }],
    "source": "HA",
    "license": "GENGHIS",
    "license_level": 1,
    "description": "Between the thick arboreal environment of Hercynia, the swarm tactics of the Egregorians, and the ineffectual performance of slug ammunition, the need for wide-effect weapons was apparent. GMS quick developed the Krakatoa – a thermobaric flamethrower – and disseminated it to affiliates. The Krakatoa was quickly adopted by Union’s Marine Expeditionary Forces, seeing heavy use in the depths of the Hercynian continental jungles thanks to its stability, reliability, and stopping power.<br>Later reworked and adopted by the Armory following the resolution of the Hercynian Crisis, the Krakatoa has become a popular tool for the creation of area-of-denial firebreaks."
  },
  {
    "id": "mw_plasma_thrower",
    "name": "PLASMA THROWER",
    "mount": "Superheavy",
    "type": "CQB",
    "damage": [{
        "type": "Energy",
        "val": "1d6+2"
      },
      {
        "type": "Burn",
        "val": 6
      }
    ],
    "range": [{
        "type": "Cone",
        "val": 7
      },
      {
        "type": "Line",
        "val": 10
      }
    ],
    "tags": [{
      "id": "tg_heat_self",
      "val": 4
    }],
    "source": "HA",
    "license": "GENGHIS",
    "license_level": 3,
    "effect": "Can be fired as Cone 7 <i>or</i> Line 10",
    "on_attack": "White-hot flames continue to burn in 3 free spaces of your choice within the affected area, lasting for the rest of the scene. When characters start their turn in one of these spaces or enter one for the first time in a round, they take 1d6 energy damage.",
    "description": "The plasma thrower emerged too late in the Hercynian Crisis to see widespread use in the field. The scarce data gathered from the MEF squadrons that used it suggest that plasma throwers would have had a tremendous impact on the outcomes of several major battles that occurred during the bloodiest phase of the Crisis."
  },
  {
    "id": "mw_stub_cannon",
    "name": "STUB CANNON",
    "mount": "Auxiliary",
    "type": "Cannon",
    "damage": [{
      "type": "Explosive",
      "val": 3
    }],
    "range": [{
      "type": "Range",
      "val": 5
    }],
    "tags": [{
        "id": "tg_limited",
        "val": 6
      },
      {
        "id": "tg_knockback",
        "val": 1
      }
    ],
    "source": "HA",
    "license": "ISKANDER",
    "license_level": 1,
    "description": "The stub cannon is a supercompact rotary cannon – short-range, but suitable for integration into hardpoints and manipulators."
  },
  {
    "id": "mw_gravity_gun",
    "name": "GRAVITY GUN",
    "no_mods": true,
    "no_core_bonus": true,
    "mount": "Heavy",
    "type": "Rifle",
    "damage": [],
    "range": [{
        "type": "Range",
        "val": 8
      },
      {
        "type": "Blast",
        "val": 3
      }
    ],
    "source": "HA",
    "license": "ISKANDER",
    "license_level": 2,
    "on_attack": "Characters within the affected area must succeed on a Hull save or take 1d6 energy damage and be pulled as close to the center of the blast possible. This weapon cannot be modified or benefit from core bonuses.",
    "description": "“The complex negotiations of gravity and time, shattered in an instant by a machine that can pluck waves like a player strums the strings of a guitar.<br>We’ve weaponized the force that holds all things in its embrace. What could go wrong?”"
  },
  {
    "id": "mw_displacer",
    "name": "DISPLACER",
    "mount": "Main",
    "type": "Rifle",
    "damage": [{
      "type": "Energy",
      "val": 10
    }],
    "range": [{
        "type": "Range",
        "val": 10
      },
      {
        "type": "Blast",
        "val": 1
      }
    ],
    "tags": [{
        "id": "tg_ap"
      },
      {
        "id": "tg_loading"
      },
      {
        "id": "tg_unique"
      },
      {
        "id": "tg_heat_self",
        "val": 10
      }
    ],
    "source": "HA",
    "license": "NAPOLEON",
    "license_level": 3,
    "description": "The Displacer is the result of ongoing blinkspace exposure tests and refinement of standard interstellar travel methods. In terms of appearance, the Displacer could be mistaken for a conventional energy rifle, but it requires a massive secondary, dorsal-mounted reactor: when fired, the Displacer identifies a bubble of local space (size and location determined on an ad hoc basis by the user) and snaps it into blinkspace. The destination of the bubble is unknown, but the effect is dramatic: anything inside simply ceases to exist in this dimension, transported somewhere in the void of blinkspace. The Displacer makes no sound when fired, but the sudden and necessary venting of its power supply is tremendous; similarly, the heatwave of its backblast vent is deadly to any unshielded personnel exposed to it."
  },
  {
    "id": "mw_shatterhead_colony_missiles",
    "name": "SHATTERHEAD COLONY MISSILES",
    "mount": "Main",
    "type": "Launcher",
    "damage": [{
      "type": "Energy",
      "val": "1d3+1"
    }],
    "range": [{
      "type": "Range",
      "val": 15
    }],
    "tags": [{
      "id": "tg_arcing"
    }],
    "source": "HA",
    "license": "SALADIN",
    "license_level": 1,
    "effect": "The final attack roll for this weapon can never be affected by difficulty.",
    "description": "Developed following costly urban and naval boarding engagements in the Interest War, Shatterhead Colony Missiles are now a standard part of the arsenal fielded by Armory interdiction teams. When they reach an optimal distance, Shatterheads break open in a burst of high-catalyst fuel to reveal a cluster of small thermobaric pellets that spread out and ignite, choking the affected area with flame. The effect overloads energy shielding and saturates cover, though only a small percent of the projectiles actually reach their target.",
    "sp": 1
  },
  {
    "id": "mw_sol_pattern_laser_rifle",
    "name": "SOL-PATTERN LASER RIFLE",
    "mount": "Main",
    "type": "Rifle",
    "damage": [{
        "type": "Energy",
        "val": "1d6"
      },
      {
        "type": "Burn",
        "val": 1
      }
    ],
    "range": [{
      "type": "Range",
      "val": 8
    }],
    "tags": [{
      "id": "tg_heat_self",
      "val": 1
    }],
    "source": "HA",
    "license": "SHERMAN",
    "license_level": 1,
    "description": "Laser rifles contain a series of apertures and lenses that amplify and focus light into tight beams, sometimes visible, that heat the zone of impact for long enough to turn it into plasma. The SOL-Pattern Laser Rifle consistently outputs 3.5 petawatts, pulsed, but can also project a steady beam at lower power levels. The SOL is entirely self-contained but can be patched into a mech’s reactor core for emergency recharge.<br>Although some laser rifles double as communications and data-transfer devices, the SOL is strictly suitable for combat applications."
  },
  {
    "id": "mw_andromeda_pattern_heavy_laser_rifle",
    "name": "ANDROMEDA-PATTERN HEAVY LASER RIFLE",
    "mount": "Heavy",
    "type": "Cannon",
    "damage": [{
        "type": "Energy",
        "val": "2d6"
      },
      {
        "type": "Burn",
        "val": 3
      }
    ],
    "range": [{
      "type": "Range",
      "val": 12
    }],
    "tags": [{
      "id": "tg_heat_self",
      "val": 3
    }],
    "source": "HA",
    "license": "SHERMAN",
    "license_level": 2,
    "description": "The Harrison Armory ANDROMEDA-Pattern Heavy Laser Rifle scales up the SOL by half, adding a second projector that can fire independently, synchronized, or in alternating patterns and wavelengths with the primary projector. The effect overwhelms most shields, but the power draw necessary makes this weapon impractical on platforms without the necessary heat reduction and dispersal to manage the incredible cost."
  },
  {
    "id": "mw_tachyon_lance",
    "name": "TACHYON LANCE",
    "mount": "Superheavy",
    "type": "Cannon",
    "damage": [{
        "type": "Energy",
        "val": "2d6"
      },
      {
        "type": "Burn",
        "val": 8
      }
    ],
    "range": [{
      "type": "Range",
      "val": 20
    }],
    "tags": [{
        "id": "tg_ordnance"
      },
      {
        "id": "tg_heat_self",
        "val": 4
      }
    ],
    "source": "HA",
    "license": "SHERMAN",
    "license_level": 3,
    "on_attack": "If you’re in the Danger Zone, create a cone 3 backblast of burning plasma in the opposite direction to the attack. Characters within the affected area must succeed on an Engineering save or take 4 burn and 2 heat. Until the start of your next turn, the affected area provides soft cover.",
    "description": "Tachyon lances are the weaponized results of joint IPS-N and Harrison Armory experiments into faster-than-light travel. Rendered obsolete by subsequent developments in blinkspace travel (and the difficulty of ensuring corporeal passenger survival), the Armory’s tachyon accelerators were mothballed until Think Tank engineers realized their potential application as weapons. Tachyon lances project tachyon particles – essentially subatomic localized objects – faster than light toward their targets. These particles are impossible to perceive optically, and because they travel faster than light, can’t be seen or evaded. Although the particles are tiny, they travel with colossal speed and energy. The damage a tachyon lance deals to its target – should it hit – is unparalleled."
  },
  {
    "id": "mw_annihilator",
    "name": "ANNIHILATOR",
    "mount": "Main",
    "type": "CQB",
    "damage": [{
      "type": "Energy",
      "val": "1d3+2"
    }],
    "range": [{
        "type": "Range",
        "val": 5
      },
      {
        "type": "Threat",
        "val": 3
      }
    ],
    "tags": [{
        "id": "tg_ap"
      },
      {
        "id": "tg_heat_self",
        "val": 2
      }
    ],
    "source": "HA",
    "license": "TOKUGAWA",
    "license_level": 1,
    "on_hit": "Make a secondary attack against all characters within burst 1 of the target. These attacks can’t deal bonus damage, and don’t trigger the Annihilator’s heat cost or secondary attacks.",
    "description": "Harrison Armory is known to employ somewhat unconventional development methods: tactical solutions are theorized and designed in the field as often as they are in the lab, with the former often outperforming the latter. The Annihilator’s name comes from pilots’ slang for a jury-rigged weapon first improvised in the Bradbury Rebellion, when desperate resistance pilots found a way to shunt the incredible waste heat from their reactors into a directed blast."
  },
  {
    "id": "mw_torch",
    "name": "TORCH",
    "mount": "Main",
    "type": "Melee",
    "damage": [{
        "type": "Energy",
        "val": "1d6"
      },
      {
        "type": "Burn",
        "val": 3
      }
    ],
    "range": [{
      "type": "Threat",
      "val": 1
    }],
    "tags": [{
        "id": "tg_overkill"
      },
      {
        "id": "tg_heat_self",
        "val": 2
      }
    ],
    "source": "HA",
    "license": "TOKUGAWA",
    "license_level": 2,
    "description": "The Torch is a potent weapon: a heavy  crescent-bladed plasma cutter, powered straight from a chassis’ reactor. Torches generally project as axes, though their blades can be changed to a range of other shapes. A common weapon in CQB theaters, the torch has lately become a status symbol among officers, carried by many alongside a smaller auxiliary weapon."
  },
  {
    "id": "mw_fuel_rod_gun",
    "name": "Fuel Rod Gun",
    "mount": "Main",
    "type": "CQB",
    "damage": [{
      "type": "Energy",
      "val": "1d3+2"
    }],
    "range": [{
        "type": "Range",
        "val": 3
      },
      {
        "type": "Threat",
        "val": 3
      }
    ],
    "tags": [{
        "id": "tg_limited",
        "val": 3
      },
      {
        "id": "tg_unique"
      }
    ],
    "source": "",
    "license": "GMS",
    "license_level": 0,
    "talent_item": true,
    "talent_id": "t_nuclear_cavalier",
    "talent_rank": 3,
    "on_attack": "Clear 4 heat.",
    "description": "Gained from the \"Nuclear Cavalier\" Rank 3 Talent"
  },
  {
    "id": "mw_prototype_1",
    "name": "Prototype Weapon I",
    "mount": "Main",
    "type": "Special",
    "damage": [{
      "type": "Variable",
      "val": "1d6+2"
    }],
    "range": [{
        "type": "Threat",
        "val": 1
      },
      {
        "type": "Range",
        "val": 10
      }
    ],
    "tags": [{
        "id": "tg_limited",
        "val": "1d6+2"
      },
      {
        "id": "tg_overkill"
      },
      {
        "id": "tg_set_max_uses"
      },
      {
        "id": "tg_set_damage_type"
      }
    ],
    "source": "",
    "license": "GMS",
    "license_level": 0,
    "talent_item": true,
    "talent_id": "t_engineer",
    "talent_rank": 1,
    "effect": "This weapon is an experimental prototype, customized according to your specific requirements.<br>When you install it, or during a Full Repair, you may choose a new weapon type, damage type, and either Threat 1 (melee) or Range 10 (all other types). Additionally, each time you perform a Full Repair, reroll 1d6+2 to determine this weapon’s Limited uses.",
    "description": "Gained from the <i>\"Engineer\" Rank I</i> Talent"
  },
  {
    "id": "mw_prototype_2",
    "name": "Prototype Weapon II",
    "mount": "Main",
    "type": "Special",
    "damage": [{
      "type": "Variable",
      "val": "1d6+2"
    }],
    "range": [{
        "type": "Threat",
        "val": 1
      },
      {
        "type": "Range",
        "val": 10
      }
    ],
    "tags": [{
        "id": "tg_limited",
        "val": "1d6+2"
      },
      {
        "id": "tg_overkill"
      },
      {
        "id": "tg_set_max_uses"
      },
      {
        "id": "tg_set_damage_type"
      }
    ],
    "source": "",
    "license": "GMS",
    "license_level": 0,
    "talent_item": true,
    "talent_id": "t_engineer",
    "talent_rank": 2,
    "effect": "This weapon is an experimental prototype, customized according to your specific requirements.<br>When you install it, or during a Full Repair, you may choose a new weapon type, damage type, and either Threat 1 (melee) or Range 10 (all other types). Additionally, each time you perform a Full Repair, reroll 1d6+2 to determine this weapon’s Limited uses and choose two:<ul><li><b>Tweaked Optics:</b> Your prototype weapon always gains +1 Accuracy on attacks.</li><li><b>Tweaked Computer:</b> Your prototype weapon is Smart.</li><li><b>Stripped reactor shielding:</b> Each time you attack with your prototype weapon, you may choose – at the cost of 2 Heat – to attack with one of the following options, depending on its weapon type:<ul><li><b>Ranged weapon:</b> Cone 3, Line 5, or [Blast 1, Range 10].</li><li><b>Melee weapon:</b> Burst 1.</li></li></ul></ul>",
    "description": "Gained from the <i>\"Engineer\" Rank II</i> Talent"
  },
  {
    "id": "mw_prototype_3",
    "name": "Prototype Weapon III",
    "mount": "Main",
    "type": "Special",
    "damage": [{
      "type": "Variable",
      "val": "1d6+4"
    }],
    "range": [{
        "type": "Threat",
        "val": 1
      },
      {
        "type": "Range",
        "val": 10
      }
    ],
    "tags": [{
        "id": "tg_limited",
        "val": "2d6"
      },
      {
        "id": "tg_overkill"
      },
      {
        "id": "tg_set_max_uses"
      },
      {
        "id": "tg_set_damage_type"
      }
    ],
    "source": "",
    "license": "GMS",
    "license_level": 0,
    "talent_item": true,
    "talent_id": "t_engineer",
    "talent_rank": 3,
    "effect": "This weapon is an experimental prototype, customized according to your specific requirements.<br>When you install it, or during a Full Repair, you may choose a new weapon type, damage type, and either Threat 1 (melee) or Range 10 (all other types). Additionally, each time you perform a Full Repair, reroll 2d6 to determine this weapon’s Limited uses and choose two:<ul><li><b>Tweaked Optics:</b> Your prototype weapon always gains +1 Accuracy on attacks.</li><li><b>Tweaked Computer:</b> Your prototype weapon is Smart.</li><li><b>Stripped reactor shielding:</b> Each time you attack with your prototype weapon, you may choose – at the cost of 2 Heat – to attack with one of the following options, depending on its weapon type:<ul><li><b>Ranged weapon:</b> Cone 3, Line 5, or [Blast 1, Range 10].</li><li><b>Melee weapon:</b> Burst 1.</li></li></ul></ul>",
    "description": "Gained from the <i>\"Engineer\" Rank III</i> Talent"
  },
  {
    "id": "mw_lancaster_integrated",
    "name": "Latch Drone",
    "mount": "Main",
    "type": "Launcher",
    "damage": [],
    "range": [{
      "type": "Range",
      "val": 8
    }],
    "effect": "This weapon can’t make normal attacks. Instead, choose an allied mech within Range and line of sight and make a ranged attack against Evasion 8. On a hit, either you or your target may spend 1 Repair to restore half your target’s HP."
  },
  {
    "id": "mw_raleigh_integrated",
    "name": "M35 Mjolnir",
    "mount": "Main",
    "type": "CQB",
    "range": [{
        "type": "Range",
        "val": 5
      },
      {
        "type": "Threat",
        "val": 3
      }
    ],
    "damage": [{
      "type": "Kinetic",
      "val": 4
    }],
    "effect": "1/round, when you reload any weapon, this weapon can be fired as a free action."
  },
  {
    "id": "mw_barbarossa_integrated",
    "name": "Apocalypse Rail",
    "mount": "Ship-class",
    "type": "Spool Weapon",
    "skirmish": false,
    "barrage": false,
    "effect": "The Apocalypse Rail must be charged before it can be fired, using the Charge Rail CORE Power.<br>This weapon has different profiles determined by the current value of the APOCALYPSE DIE when you fire it. Each profile replaces the one proceeding it. The Apocalypse Rail cannot be fired at targets within range 5.<br> After an attack with the Apocalypse Rail, the Apocalypse Die resets to 4.",
    "actions": [
      {
        "name": "Fire Apocalypse Rail",
        "activation": "Full",
        "detail": "If the value of the Apocalypse Die is 1–3, you can attack on your turn with the Apocalypse Rail as a full action, but can’t move or take any other actions on the same turn.<br>After an attack with the Apocalypse Rail, the Apocalypse Die resets to 4."
      }
    ],
    "profiles": [{
        "name": "Charge Rail: 4",
        "damage": [{
          "override": true,
          "val": "N/A"
        }],
        "range": [{
          "override": true,
          "type": "Range",
          "val": "N/A"
        }],
        "effect": "Cannot Be Fired"
      },
      {
        "name": "Charge Rail: 3",
        "range": [{
            "type": "Range",
            "val": 20
          },
          {
            "type": "Blast",
            "val": 2
          }
        ],
        "damage": [{
          "type": "Explosive",
          "val": "2d6"
        }],
        "effect": "Objects within the affected area automatically take 20 AP explosive damage. After the attack, the blast cloud lingers, providing soft cover to characters within the affected area until the end of your next turn."
      },
      {
        "name": "Charge Rail: 2",
        "range": [{
            "type": "Range",
            "val": 25
          },
          {
            "type": "Blast",
            "val": 2
          }
        ],
        "damage": [{
          "type": "Explosive",
          "val": "3d6"
        }],
        "effect": "Objects and terrain in the area automatically take 40 AP explosive damage, and on hit characters become Shredded and Impaired until the end of their next turn. The blast cloud is a burning storm: until the end of your next turn, characters within the affected area receive soft cover, and characters that start their turn within the area or move there for the first time in a round take 4 burn."
      },
      {
        "name": "Charge Rail: 1",
        "range": [{
            "type": "Range",
            "val": 30
          },
          {
            "type": "Blast",
            "val": 2
          }
        ],
        "damage": [{
          "type": "Explosive",
          "val": "4d6"
        }],
        "effect": "Objects and terrain in the area automatically take 100 AP explosive damage, and characters become Shredded and Stunned until the end of their next turn on hit. The ground in the affected area is vaporized on impact: for the rest of the scene, it is difficult terrain, characters within the affected area receive soft cover, and characters that start their turn with the area or move there for the first time in a round take 4 burn."
      }
    ]
  },
  {
    "id": "mw_sherman_integrated",
    "name": "ZF4 SOLIDCORE",
    "mount": "Main",
    "type": "Cannon",
    "profiles": [
      {
        "name": "1 Charge",
        "range": [{
            "type": "Line",
            "val": 4
          }
        ],
        "damage": [{
          "type": "Energy",
          "val": "1d6"
        }],
        "effect": "This weapon’s profile is determined by the number of Charges it carries. It begins with 1 Charge, dealing 1d6 energy with line 4. Each time you Stabilize, you gain an additional 1 Charge, up to a maximum of 4. The ZF4 gains an additional +4 range and +1d6 energy damage for each charge, and resets to 1 Charge after each attack. Charges persist between scenes, but are lost during a full repair."
      }, {
        "name": "2 Charges",
        "range": [{
            "type": "Line",
            "val": 8
          }
        ],
        "damage": [{
          "type": "Energy",
          "val": "2d6"
        }],
        "effect": "This weapon’s profile is determined by the number of Charges it carries. It begins with 1 Charge, dealing 1d6 energy with line 4. Each time you Stabilize, you gain an additional 1 Charge, up to a maximum of 4. The ZF4 gains an additional +4 range and +1d6 energy damage for each charge, and resets to 1 Charge after each attack. Charges persist between scenes, but are lost during a full repair."
      }, {
        "name": "3 Charges",
        "range": [{
            "type": "Line",
            "val": 12
          }
        ],
        "damage": [{
          "type": "Energy",
          "val": "3d6"
        }],
        "effect": "This weapon’s profile is determined by the number of Charges it carries. It begins with 1 Charge, dealing 1d6 energy with line 4. Each time you Stabilize, you gain an additional 1 Charge, up to a maximum of 4. The ZF4 gains an additional +4 range and +1d6 energy damage for each charge, and resets to 1 Charge after each attack. Charges persist between scenes, but are lost during a full repair."
      }, {
        "name": "4 Charges",
        "range": [{
            "type": "Line",
            "val": 16
          }
        ],
        "damage": [{
          "type": "Energy",
          "val": "4d6"
        }],
        "effect": "This weapon’s profile is determined by the number of Charges it carries. It begins with 1 Charge, dealing 1d6 energy with line 4. Each time you Stabilize, you gain an additional 1 Charge, up to a maximum of 4. The ZF4 gains an additional +4 range and +1d6 energy damage for each charge, and resets to 1 Charge after each attack. Charges persist between scenes, but are lost during a full repair."
      }
    ],
    "tags": [{
      "id": "tg_ordnance"
    }]
  }
]
